log set
Start to get coverage and target fid,sid 
We are passing 1243 3340 434 #line 434 \"./dwarf2.c\"\n__inserted_bool = (unsigned long )ret == (unsigned long )((void *)0);
We are passing 1243 3337 432 #line 432\ntmp = bfd_hash_allocate(table,\n                        (unsigned int )sizeof(*ret));
We are passing 1243 3338 432 #line 432\nret = (struct info_hash_entry *)tmp;
We are passing 1243 3335 430 #line 430\n__inserted_bool = (unsigned long )ret == (unsigned long )((void *)0);
We are passing 1243 3346 444 #line 444\nret->head = (struct info_list_node *)((void *)0);
We are passing 1243 3333 426 #line 426\nret = (struct info_hash_entry *)entry;
We are passing 1243 3343 439 #line 439\ntmp___0 = bfd_hash_newfunc((struct bfd_hash_entry *)ret,\n                           table,\n                           string);
We are passing 1243 3344 439 #line 439\nret = (struct info_hash_entry *)tmp___0;
We are passing 1253 3352 460 #line 460\n__inserted_bool = ! hash_table;
We are passing 1253 3359 466 #line 466\nbfd_release(abfd,\n            (void *)hash_table);
We are passing 1253 3357 463 #line 463\n__inserted_bool = ! tmp___0;
We are passing 1253 3348 1 #line 1 \"<compiler builtins>\"\ntmp___0 = 0;
We are passing 1253 3349 458 #line 458 \"./dwarf2.c\"\ntmp = bfd_alloc(abfd,\n                sizeof(struct info_hash_table ));
We are passing 1253 3350 458 #line 458\nhash_table = (struct info_hash_table *)tmp;
We are passing 1253 3355 463 #line 463\ntmp___0 = bfd_hash_table_init(& hash_table->base,\n                              & info_hash_table_newfunc,\n                              (unsigned int )sizeof(struct info_hash_entry ));
We are passing 1259 3365 489 #line 489\n__inserted_bool = ! entry;
We are passing 1259 3371 494 #line 494\n__inserted_bool = ! node;
We are passing 1259 3362 487 #line 487\ntmp = bfd_hash_lookup(& hash_table->base,\n                      key,\n                      1,\n                      copy_p);
We are passing 1259 3363 487 #line 487\nentry = (struct info_hash_entry *)tmp;
We are passing 1259 3368 492 #line 492\ntmp___0 = bfd_hash_allocate(& hash_table->base,\n                            (unsigned int )sizeof(*node));
We are passing 1259 3369 492 #line 492\nnode = (struct info_list_node *)tmp___0;
We are passing 1259 3374 497 #line 497\nnode->info = info;
We are passing 1259 3375 498 #line 498\nnode->next = entry->head;
We are passing 1259 3376 499 #line 499\nentry->head = node;
We are passing 1272 3381 514 #line 514\ntmp___0 = entry->head;
We are passing 1272 3382 514 #line 514\ntmp___0 = (struct info_list_node *)((void *)0);
We are passing 1272 3378 512 #line 512\ntmp = bfd_hash_lookup(& hash_table->base,\n                      key,\n                      0,\n                      0);
We are passing 1272 3379 512 #line 512\nentry = (struct info_hash_entry *)tmp;
We are passing 1280 3397 542 #line 542\nmsec = bfd_get_section_by_name(abfd,\n                               section_name);
We are passing 1280 3395 541 #line 541\n__inserted_bool = (unsigned long )section_name != (unsigned long )((void *)0);
We are passing 1280 3393 540 #line 540\nsection_name = (char const   *)sec->compressed_name;
We are passing 1280 3391 538 #line 538\n__inserted_bool = ! msec;
We are passing 1280 3401 546 #line 546\ntmp = dgettext((char const   *)\"bfd\",\n               (char const   *)\"Dwarf Error: Can\\\'t find %s section.\");
We are passing 1280 3402 546 #line 546\n_bfd_error_handler((char const   *)tmp,\n                   sec->uncompressed_name);
We are passing 1280 3403 548 #line 548\nbfd_set_error((bfd_error_type )17);
We are passing 1280 3399 544 #line 544\n__inserted_bool = ! msec;
We are passing 1280 3406 552 #line 552\n*section_size = msec->rawsize;
We are passing 1280 3407 552 #line 552\n*section_size = msec->size;
We are passing 1280 3411 557 #line 557\n__inserted_bool = ! *section_buffer;
We are passing 1280 3409 555 #line 555\n*section_buffer = bfd_simple_get_relocated_section_contents(abfd,\n                                                            msec,\n                                                            (bfd_byte *)((void *)0),\n                                                            syms);
We are passing 1280 3417 563 #line 563\n__inserted_bool = ! *section_buffer;
We are passing 1280 3422 565 #line 565\n__inserted_bool = ! tmp___1;
We are passing 1280 3414 562 #line 562\ntmp___0 = bfd_malloc(*section_size);
We are passing 1280 3415 562 #line 562\n*section_buffer = (bfd_byte *)tmp___0;
We are passing 1280 3420 565 #line 565\ntmp___1 = bfd_get_section_contents(abfd,\n                                   msec,\n                                   (void *)*section_buffer,\n                                   (file_ptr )0,\n                                   *section_size);
We are passing 1280 3436 583 _L: \n#line 583\ntmp___2 = malloc(*section_size + 1UL);
We are passing 1280 3437 583 #line 583\nnew_buffer = (bfd_byte *)tmp___2;
We are passing 1280 3438 585 #line 585\ntmp___3 = dgettext((char const   *)\"bfd\",\n                   (char const   *)\"warning: dwarf string section \\\'%s\\\' is not NUL terminated\");
We are passing 1280 3439 585 #line 585\n_bfd_error_handler((char const   *)tmp___3,\n                   section_name);
We are passing 1280 3440 587 #line 587\nmemcpy((void */* __restrict  */)new_buffer,\n       (void const   */* __restrict  */)*section_buffer,\n       *section_size);
We are passing 1280 3441 588 #line 588\n*(new_buffer + *section_size) = (bfd_byte )0;
We are passing 1280 3442 589 #line 589\nfree((void *)*section_buffer);
We are passing 1280 3443 590 #line 590\n*section_buffer = new_buffer;
We are passing 1280 3434 579 #line 579\ntmp___5 = strstr(section_name,\n                 (char const   *)\"names\");
We are passing 1280 3431 579 #line 579\ntmp___4 = strstr(section_name,\n                 (char const   *)\"_str\");
We are passing 1280 3429 579 #line 579\n__inserted_bool = (int )*(*section_buffer + (*section_size - 1UL)) != 0;
We are passing 1280 3426 579 #line 579\n__inserted_bool = *section_size > 0UL;
We are passing 1280 3389 537 #line 537\nmsec = bfd_get_section_by_name(abfd,\n                               section_name);
We are passing 1280 3387 535 #line 535\n__inserted_bool = (unsigned long )*section_buffer == (unsigned long )((void *)0);
We are passing 1280 3450 599 #line 599\ntmp___6 = dgettext((char const   *)\"bfd\",\n                   (char const   *)\"Dwarf Error: Offset (%llu) greater than or equal to %s size (%Lu).\");
We are passing 1280 3451 599 #line 599\n_bfd_error_handler((char const   *)tmp___6,\n                   (long long )offset,\n                   section_name,\n                   *section_size);
We are passing 1280 3452 602 #line 602\nbfd_set_error((bfd_error_type )17);
We are passing 1280 3448 596 #line 596\n__inserted_bool = offset >= *section_size;
We are passing 1280 3445 596 #line 596\n__inserted_bool = offset != 0UL;
We are passing 1280 3384 1 #line 1 \"<compiler builtins>\"\ntmp___1 = 0;
We are passing 1280 3385 532 #line 532 \"./dwarf2.c\"\nsection_name = (char const   *)sec->uncompressed_name;
We are passing 1304 3456 614 #line 614\n__inserted_bool = (unsigned long )(buf + 1) > (unsigned long )end;
We are passing 1311 3461 622 #line 622\n__inserted_bool = (unsigned long )(buf + 1) > (unsigned long )end;
We are passing 1318 3467 630 #line 630\n__inserted_bool = (unsigned long )(buf + 2) > (unsigned long )end;
We are passing 1318 3465 1 #line 1 \"<compiler builtins>\"\ntmp = 0;
We are passing 1318 3470 632 #line 632 \"./dwarf2.c\"\ntmp = (*((abfd->xvec)->bfd_getx16))((void const   *)buf);
We are passing 1326 3474 638 #line 638\n__inserted_bool = (unsigned long )(buf + 4) > (unsigned long )end;
We are passing 1326 3472 1 #line 1 \"<compiler builtins>\"\ntmp = 0;
We are passing 1326 3477 640 #line 640 \"./dwarf2.c\"\ntmp = (*((abfd->xvec)->bfd_getx32))((void const   *)buf);
We are passing 1334 3481 646 #line 646\n__inserted_bool = (unsigned long )(buf + 8) > (unsigned long )end;
We are passing 1334 3479 1 #line 1 \"<compiler builtins>\"\ntmp = 0;
We are passing 1334 3484 648 #line 648 \"./dwarf2.c\"\ntmp = (*((abfd->xvec)->bfd_getx64))((void const   *)buf);
We are passing 1342 3487 657 #line 657\n__inserted_bool = (unsigned long )(buf + size) > (unsigned long )end;
We are passing 1351 3495 678 #line 678\n*bytes_read_ptr = 0U;
We are passing 1351 3493 676 #line 676\n__inserted_bool = (unsigned long )buf >= (unsigned long )buf_end;
We are passing 1351 3500 684 #line 684\n*bytes_read_ptr = 1U;
We are passing 1351 3498 682 #line 682\n__inserted_bool = (int )*str == 0;
We are passing 1351 3509 688 #line 688\n__inserted_bool = ! ((unsigned long )buf < (unsigned long )buf_end);
We are passing 1351 3517 691 #line 691\n*bytes_read_ptr = (unsigned int )(buf - str);
We are passing 1351 3515 689 #line 689\n__inserted_bool = (int )*tmp == 0;
We are passing 1351 3512 689 #line 689\ntmp = buf;
We are passing 1351 3513 689 #line 689\nbuf ++;
We are passing 1351 3491 674 #line 674\nstr = buf;
We are passing 1351 3521 695 while_break: \n#line 695\n*bytes_read_ptr = (unsigned int )(buf - str);
We are passing 1362 3530 719 #line 719\n*bytes_read_ptr = 0U;
We are passing 1362 3528 717 #line 717\n__inserted_bool = (unsigned long )(buf + (int )unit->offset_size) > (unsigned long )buf_end;
We are passing 1362 3535 724 #line 724\ntmp = read_4_bytes(unit->abfd,\n                   buf,\n                   buf_end);
We are passing 1362 3536 724 #line 724\noffset = (bfd_uint64_t )tmp;
We are passing 1362 3537 726 #line 726\noffset = read_8_bytes(unit->abfd,\n                      buf,\n                      buf_end);
We are passing 1362 3533 723 #line 723\n__inserted_bool = (int )unit->offset_size == 4;
We are passing 1362 3541 730 #line 730\n__inserted_bool = ! tmp___0;
We are passing 1362 3545 735 #line 735\n__inserted_bool = offset >= stash->dwarf_str_size;
We are passing 1362 3550 738 #line 738\n__inserted_bool = (int )*str == 0;
We are passing 1362 3523 1 #line 1 \"<compiler builtins>\"\ntmp___0 = 0;
We are passing 1362 3524 1 #line 1\ntmp = 0;
We are passing 1362 3525 1 #line 1\noffset = 0;
We are passing 1362 3526 714 #line 714 \"./dwarf2.c\"\nstash = unit->stash;
We are passing 1362 3538 728 #line 728\n*bytes_read_ptr = (unsigned int )unit->offset_size;
We are passing 1362 3539 730 #line 730\ntmp___0 = read_section(unit->abfd,\n                       stash->debug_sections + 14,\n                       stash->syms,\n                       offset,\n                       & stash->dwarf_str_buffer,\n                       & stash->dwarf_str_size);
We are passing 1362 3548 737 #line 737\nstr = (char *)stash->dwarf_str_buffer + offset;
We are passing 1376 3561 757 #line 757\n*bytes_read_ptr = 0U;
We are passing 1376 3559 755 #line 755\n__inserted_bool = (unsigned long )(buf + (int )unit->offset_size) > (unsigned long )buf_end;
We are passing 1376 3566 762 #line 762\ntmp = read_4_bytes(unit->abfd,\n                   buf,\n                   buf_end);
We are passing 1376 3567 762 #line 762\noffset = (bfd_uint64_t )tmp;
We are passing 1376 3568 764 #line 764\noffset = read_8_bytes(unit->abfd,\n                      buf,\n                      buf_end);
We are passing 1376 3564 761 #line 761\n__inserted_bool = (int )unit->offset_size == 4;
We are passing 1376 3572 768 #line 768\n__inserted_bool = ! tmp___0;
We are passing 1376 3576 774 #line 774\n__inserted_bool = offset >= stash->dwarf_line_str_size;
We are passing 1376 3581 777 #line 777\n__inserted_bool = (int )*str == 0;
We are passing 1376 3554 1 #line 1 \"<compiler builtins>\"\ntmp___0 = 0;
We are passing 1376 3555 1 #line 1\ntmp = 0;
We are passing 1376 3556 1 #line 1\noffset = 0;
We are passing 1376 3557 752 #line 752 \"./dwarf2.c\"\nstash = unit->stash;
We are passing 1376 3569 766 #line 766\n*bytes_read_ptr = (unsigned int )unit->offset_size;
We are passing 1376 3570 768 #line 768\ntmp___0 = read_section(unit->abfd,\n                       stash->debug_sections + 16,\n                       stash->syms,\n                       offset,\n                       & stash->dwarf_line_str_buffer,\n                       & stash->dwarf_line_str_size);
We are passing 1376 3579 776 #line 776\nstr = (char *)stash->dwarf_line_str_buffer + offset;
We are passing 1390 3593 798 #line 798\n*bytes_read_ptr = 0U;
We are passing 1390 3591 796 #line 796\n__inserted_bool = (unsigned long )(buf + (int )unit->offset_size) > (unsigned long )buf_end;
We are passing 1390 3598 803 #line 803\ntmp = read_4_bytes(unit->abfd,\n                   buf,\n                   buf_end);
We are passing 1390 3599 803 #line 803\noffset = (bfd_uint64_t )tmp;
We are passing 1390 3600 805 #line 805\noffset = read_8_bytes(unit->abfd,\n                      buf,\n                      buf_end);
We are passing 1390 3596 802 #line 802\n__inserted_bool = (int )unit->offset_size == 4;
We are passing 1390 3608 814 #line 814\n__inserted_bool = (unsigned long )debug_filename == (unsigned long )((void *)0);
We are passing 1390 3621 821 #line 821\nbfd_close(debug_bfd);
We are passing 1390 3622 824 #line 824\nfree((void *)debug_filename);
We are passing 1390 3618 817 #line 817\n__inserted_bool = ! tmp___1;
We are passing 1390 3616 817 #line 817\ntmp___1 = bfd_check_format(debug_bfd,\n                           (bfd_format )1);
We are passing 1390 3613 817 #line 817\n__inserted_bool = (unsigned long )debug_bfd == (unsigned long )((void *)0);
We are passing 1390 3605 812 #line 812\ntmp___0 = bfd_follow_gnu_debugaltlink(unit->abfd,\n                                      (char const   *)\"/usr/local/lib/debug\");
We are passing 1390 3606 812 #line 812\ndebug_filename = tmp___0;
We are passing 1390 3611 817 #line 817\ndebug_bfd = bfd_openr((char const   *)debug_filename,\n                      (char const   *)((void *)0));
We are passing 1390 3624 827 #line 827\nstash->alt_bfd_ptr = debug_bfd;
We are passing 1390 3603 809 #line 809\n__inserted_bool = (unsigned long )stash->alt_bfd_ptr == (unsigned long )((void *)0);
We are passing 1390 3627 830 #line 830\n__inserted_bool = ! tmp___2;
We are passing 1390 3631 838 #line 838\n__inserted_bool = offset >= stash->alt_dwarf_str_size;
We are passing 1390 3636 841 #line 841\n__inserted_bool = (int )*str == 0;
We are passing 1390 3585 1 #line 1 \"<compiler builtins>\"\ntmp___2 = 0;
We are passing 1390 3586 1 #line 1\ntmp___1 = 0;
We are passing 1390 3587 1 #line 1\ntmp = 0;
We are passing 1390 3588 1 #line 1\noffset = 0;
We are passing 1390 3589 793 #line 793 \"./dwarf2.c\"\nstash = unit->stash;
We are passing 1390 3601 807 #line 807\n*bytes_read_ptr = (unsigned int )unit->offset_size;
We are passing 1390 3625 830 #line 830\ntmp___2 = read_section((unit->stash)->alt_bfd_ptr,\n                       stash->debug_sections + 15,\n                       (asymbol **)((void *)0),\n                       offset,\n                       & stash->alt_dwarf_str_buffer,\n                       & stash->alt_dwarf_str_size);
We are passing 1390 3634 840 #line 840\nstr = (char *)stash->alt_dwarf_str_buffer + offset;
We are passing 1408 3649 862 #line 862\n__inserted_bool = (unsigned long )debug_filename == (unsigned long )((void *)0);
We are passing 1408 3662 869 #line 869\nbfd_close(debug_bfd);
We are passing 1408 3663 872 #line 872\nfree((void *)debug_filename);
We are passing 1408 3659 865 #line 865\n__inserted_bool = ! tmp___0;
We are passing 1408 3657 865 #line 865\ntmp___0 = bfd_check_format(debug_bfd,\n                           (bfd_format )1);
We are passing 1408 3654 865 #line 865\n__inserted_bool = (unsigned long )debug_bfd == (unsigned long )((void *)0);
We are passing 1408 3646 860 #line 860\ntmp = bfd_follow_gnu_debugaltlink(unit->abfd,\n                                  (char const   *)\"/usr/local/lib/debug\");
We are passing 1408 3647 860 #line 860\ndebug_filename = tmp;
We are passing 1408 3652 865 #line 865\ndebug_bfd = bfd_openr((char const   *)debug_filename,\n                      (char const   *)((void *)0));
We are passing 1408 3665 875 #line 875\nstash->alt_bfd_ptr = debug_bfd;
We are passing 1408 3644 857 #line 857\n__inserted_bool = (unsigned long )stash->alt_bfd_ptr == (unsigned long )((void *)0);
We are passing 1408 3668 878 #line 878\n__inserted_bool = ! tmp___1;
We are passing 1408 3672 886 #line 886\n__inserted_bool = offset >= stash->alt_dwarf_info_size;
We are passing 1408 3640 1 #line 1 \"<compiler builtins>\"\ntmp___1 = 0;
We are passing 1408 3641 1 #line 1\ntmp___0 = 0;
We are passing 1408 3642 855 #line 855 \"./dwarf2.c\"\nstash = unit->stash;
We are passing 1408 3666 878 #line 878\ntmp___1 = read_section((unit->stash)->alt_bfd_ptr,\n                       stash->debug_sections + 4,\n                       (asymbol **)((void *)0),\n                       offset,\n                       & stash->alt_dwarf_info_buffer,\n                       & stash->alt_dwarf_info_size);
We are passing 1419 3687 897 #line 897\nsigned_vma = (int )((struct elf_backend_data  const  *)((unit->abfd)->xvec)->backend_data)->sign_extend_vma;
We are passing 1419 3685 896 #line 896\n__inserted_bool = (unsigned int )((unit->abfd)->xvec)->flavour == 5U;
We are passing 1419 3689 899 #line 899\n__inserted_bool = (unsigned long )(buf + (int )unit->addr_size) > (unsigned long )buf_end;
We are passing 1419 3694 906 #line 906\n__inserted_bool = (int )unit->addr_size == 8;
We are passing 1419 3698 908 #line 908\n__inserted_bool = (int )unit->addr_size == 4;
We are passing 1419 3702 910 #line 910\n__inserted_bool = (int )unit->addr_size == 2;
We are passing 1419 3706 907 case_8: \n#line 907\ntmp = (*(((unit->abfd)->xvec)->bfd_getx_signed_64))((void const   *)buf);
We are passing 1419 3708 909 case_4: \n#line 909\ntmp___0 = (*(((unit->abfd)->xvec)->bfd_getx_signed_32))((void const   *)buf);
We are passing 1419 3710 911 case_2: \n#line 911\ntmp___1 = (*(((unit->abfd)->xvec)->bfd_getx_signed_16))((void const   *)buf);
We are passing 1419 3712 913 switch_default: \n#line 913\n_bfd_abort((char const   *)\"./dwarf2.c\",\n           913,\n           (char const   *)\"read_address\");
We are passing 1419 3715 920 #line 920\n__inserted_bool = (int )unit->addr_size == 8;
We are passing 1419 3719 922 #line 922\n__inserted_bool = (int )unit->addr_size == 4;
We are passing 1419 3723 924 #line 924\n__inserted_bool = (int )unit->addr_size == 2;
We are passing 1419 3727 921 case_8___0: \n#line 921\ntmp___2 = (*(((unit->abfd)->xvec)->bfd_getx64))((void const   *)buf);
We are passing 1419 3729 923 case_4___0: \n#line 923\ntmp___3 = (*(((unit->abfd)->xvec)->bfd_getx32))((void const   *)buf);
We are passing 1419 3731 925 case_2___0: \n#line 925\ntmp___4 = (*(((unit->abfd)->xvec)->bfd_getx16))((void const   *)buf);
We are passing 1419 3733 927 switch_default___0: \n#line 927\n_bfd_abort((char const   *)\"./dwarf2.c\",\n           927,\n           (char const   *)\"read_address\");
We are passing 1419 3676 1 #line 1 \"<compiler builtins>\"\ntmp___4 = 0;
We are passing 1419 3677 1 #line 1\ntmp___3 = 0;
We are passing 1419 3678 1 #line 1\ntmp___2 = 0;
We are passing 1419 3679 1 #line 1\ntmp___1 = 0;
We are passing 1419 3680 1 #line 1\ntmp___0 = 0;
We are passing 1419 3681 1 #line 1\ntmp = 0;
We are passing 1419 3682 1 #line 1\nsigned_vma = 0;
We are passing 1419 3683 894 #line 894 \"./dwarf2.c\"\nsigned_vma = 0;
We are passing 1433 3746 943 #line 943\n__inserted_bool = ! abbrev;
We are passing 1433 3753 948 #line 948\nabbrev = abbrev->next;
We are passing 1433 3750 945 #line 945\n__inserted_bool = abbrev->number == number;
We are passing 1433 3736 1 #line 1 \"<compiler builtins>\"\nhash_number = 0;
We are passing 1433 3737 940 #line 940 \"./dwarf2.c\"\nhash_number = number % 121U;
We are passing 1433 3738 941 #line 941\nabbrev = *(abbrevs + hash_number);
We are passing 1440 3775 970 #line 970\n__inserted_bool = ! tmp;
We are passing 1440 3779 975 #line 975\n__inserted_bool = offset >= stash->dwarf_abbrev_size;
We are passing 1440 3786 980 #line 980\n__inserted_bool = (unsigned long )abbrevs == (unsigned long )((void *)0);
We are passing 1440 3801 990 #line 990\n__inserted_bool = ! abbrev_number;
We are passing 1440 3808 994 #line 994\n__inserted_bool = (unsigned long )cur_abbrev == (unsigned long )((void *)0);
We are passing 1440 3833 1020 #line 1020\nimplicit_const = _bfd_safe_read_leb128(abfd,\n                                       abbrev_ptr,\n                                       & bytes_read,\n                                       1,\n                                       (bfd_byte const   *)abbrev_end);
We are passing 1440 3834 1023 #line 1023\nabbrev_ptr += bytes_read;
We are passing 1440 3831 1018 #line 1018\n__inserted_bool = abbrev_form == 33U;
We are passing 1440 3836 1026 #line 1026\n__inserted_bool = abbrev_name == 0U;
We are passing 1440 3857 1040 #line 1040\n__inserted_bool = ! (i < 121UL);
We are passing 1440 3868 1044 #line 1044\n__inserted_bool = ! abbrev;
We are passing 1440 3871 1046 #line 1046\nfree((void *)abbrev->attrs);
We are passing 1440 3872 1047 #line 1047\nabbrev = abbrev->next;
We are passing 1440 3860 1042 #line 1042\nabbrev = *(abbrevs + i);
We are passing 1440 3875 1040 while_break___2: \n#line 1040\ni ++;
We are passing 1440 3849 1040 #line 1040\ni = (size_t )0;
We are passing 1440 3847 1036 #line 1036\n__inserted_bool = (unsigned long )tmp___7 == (unsigned long )((void *)0);
We are passing 1440 3842 1033 #line 1033\namt = (bfd_size_type )(cur_abbrev->num_attrs + 4U);
We are passing 1440 3843 1034 #line 1034\namt *= sizeof(struct attr_abbrev );
We are passing 1440 3844 1035 #line 1035\ntmp___8 = bfd_realloc((void *)cur_abbrev->attrs,\n                      amt);
We are passing 1440 3845 1035 #line 1035\ntmp___7 = (struct attr_abbrev *)tmp___8;
We are passing 1440 3880 1052 #line 1052\ncur_abbrev->attrs = tmp___7;
We are passing 1440 3840 1029 #line 1029\n__inserted_bool = cur_abbrev->num_attrs % 4U == 0U;
We are passing 1440 3823 1010 #line 1010\nimplicit_const = (bfd_vma )-1;
We are passing 1440 3824 1012 #line 1012\ntmp___5 = _bfd_safe_read_leb128(abfd,\n                                abbrev_ptr,\n                                & bytes_read,\n                                0,\n                                (bfd_byte const   *)abbrev_end);
We are passing 1440 3825 1012 #line 1012\nabbrev_name = (unsigned int )tmp___5;
We are passing 1440 3826 1014 #line 1014\nabbrev_ptr += bytes_read;
We are passing 1440 3827 1015 #line 1015\ntmp___6 = _bfd_safe_read_leb128(abfd,\n                                abbrev_ptr,\n                                & bytes_read,\n                                0,\n                                (bfd_byte const   *)abbrev_end);
We are passing 1440 3828 1015 #line 1015\nabbrev_form = (unsigned int )tmp___6;
We are passing 1440 3829 1017 #line 1017\nabbrev_ptr += bytes_read;
We are passing 1440 3881 1055 #line 1055\n(cur_abbrev->attrs + cur_abbrev->num_attrs)->name = (enum dwarf_attribute )abbrev_name;
We are passing 1440 3882 1057 #line 1057\n(cur_abbrev->attrs + cur_abbrev->num_attrs)->form = (enum dwarf_form )abbrev_form;
We are passing 1440 3883 1059 #line 1059\n(cur_abbrev->attrs + cur_abbrev->num_attrs)->implicit_const = implicit_const;
We are passing 1440 3884 1061 #line 1061\n(cur_abbrev->num_attrs) ++;
We are passing 1440 3891 1075 #line 1075\n__inserted_bool = (bfd_size_type )((unsigned int )(abbrev_ptr - stash->dwarf_abbrev_buffer)) >= stash->dwarf_abbrev_size;
We are passing 1440 3899 1081 #line 1081\n__inserted_bool = (unsigned long )tmp___10 != (unsigned long )((void *)0);
We are passing 1440 3804 992 #line 992\namt = sizeof(struct abbrev_info );
We are passing 1440 3805 993 #line 993\ntmp___2 = bfd_zalloc(abfd,\n                     amt);
We are passing 1440 3806 993 #line 993\ncur_abbrev = (struct abbrev_info *)tmp___2;
We are passing 1440 3811 998 #line 998\ncur_abbrev->number = abbrev_number;
We are passing 1440 3812 999 #line 999\ntmp___3 = _bfd_safe_read_leb128(abfd,\n                                abbrev_ptr,\n                                & bytes_read,\n                                0,\n                                (bfd_byte const   *)abbrev_end);
We are passing 1440 3813 999 #line 999\ncur_abbrev->tag = (enum dwarf_tag )tmp___3;
We are passing 1440 3814 1002 #line 1002\nabbrev_ptr += bytes_read;
We are passing 1440 3815 1003 #line 1003\ntmp___4 = read_1_byte(abfd,\n                      abbrev_ptr,\n                      abbrev_end);
We are passing 1440 3816 1003 #line 1003\ncur_abbrev->has_children = (int )tmp___4;
We are passing 1440 3817 1004 #line 1004\nabbrev_ptr ++;
We are passing 1440 3887 1064 while_break___0: \n#line 1064\nhash_number = abbrev_number % 121U;
We are passing 1440 3888 1065 #line 1065\ncur_abbrev->next = *(abbrevs + hash_number);
We are passing 1440 3889 1066 #line 1066\n*(abbrevs + hash_number) = cur_abbrev;
We are passing 1440 3894 1078 #line 1078\ntmp___9 = _bfd_safe_read_leb128(abfd,\n                                abbrev_ptr,\n                                & bytes_read,\n                                0,\n                                (bfd_byte const   *)abbrev_end);
We are passing 1440 3895 1078 #line 1078\nabbrev_number = (unsigned int )tmp___9;
We are passing 1440 3896 1080 #line 1080\nabbrev_ptr += bytes_read;
We are passing 1440 3897 1081 #line 1081\ntmp___10 = lookup_abbrev(abbrev_number,\n                         abbrevs);
We are passing 1440 3758 1 #line 1 \"<compiler builtins>\"\ntmp___9 = 0;
We are passing 1440 3759 1 #line 1\ni = 0;
We are passing 1440 3760 1 #line 1\ntmp___6 = 0;
We are passing 1440 3761 1 #line 1\ntmp___5 = 0;
We are passing 1440 3762 1 #line 1\nimplicit_const = 0;
We are passing 1440 3763 1 #line 1\ntmp___4 = 0;
We are passing 1440 3764 1 #line 1\ntmp___3 = 0;
We are passing 1440 3765 1 #line 1\ntmp___1 = 0;
We are passing 1440 3766 1 #line 1\ntmp = 0;
We are passing 1440 3767 1 #line 1\namt = 0;
We are passing 1440 3768 1 #line 1\nhash_number = 0;
We are passing 1440 3769 1 #line 1\nabbrev_form = 0;
We are passing 1440 3770 1 #line 1\nabbrev_name = 0;
We are passing 1440 3771 1 #line 1\nbytes_read = 0;
We are passing 1440 3772 1 #line 1\nabbrev_number = 0;
We are passing 1440 3773 970 #line 970 \"./dwarf2.c\"\ntmp = read_section(abfd,\n                   stash->debug_sections + 0,\n                   stash->syms,\n                   offset,\n                   & stash->dwarf_abbrev_buffer,\n                   & stash->dwarf_abbrev_size);
We are passing 1440 3782 978 #line 978\namt = sizeof(struct abbrev_info *) * 121UL;
We are passing 1440 3783 979 #line 979\ntmp___0 = bfd_zalloc(abfd,\n                     amt);
We are passing 1440 3784 979 #line 979\nabbrevs = (struct abbrev_info **)tmp___0;
We are passing 1440 3789 983 #line 983\nabbrev_ptr = stash->dwarf_abbrev_buffer + offset;
We are passing 1440 3790 984 #line 984\nabbrev_end = stash->dwarf_abbrev_buffer + stash->dwarf_abbrev_size;
We are passing 1440 3791 985 #line 985\ntmp___1 = _bfd_safe_read_leb128(abfd,\n                                abbrev_ptr,\n                                & bytes_read,\n                                0,\n                                (bfd_byte const   *)abbrev_end);
We are passing 1440 3792 985 #line 985\nabbrev_number = (unsigned int )tmp___1;
We are passing 1440 3793 987 #line 987\nabbrev_ptr += bytes_read;
We are passing 1472 3910 1093 #line 1093\ntmp = 1;
We are passing 1472 3914 1093 #line 1093\ntmp = 1;
We are passing 1472 3918 1093 #line 1093\ntmp = 1;
We are passing 1472 3922 1093 #line 1093\ntmp = 1;
We are passing 1472 3923 1093 #line 1093\ntmp = 0;
We are passing 1472 3920 1093 #line 1093\n__inserted_bool = (unsigned int )form == 7969U;
We are passing 1472 3916 1093 #line 1093\n__inserted_bool = (unsigned int )form == 31U;
We are passing 1472 3912 1093 #line 1093\n__inserted_bool = (unsigned int )form == 14U;
We are passing 1472 3908 1093 #line 1093\n__inserted_bool = (unsigned int )form == 8U;
We are passing 1472 3906 1 #line 1 \"<compiler builtins>\"\ntmp = 0;
We are passing 1476 3946 1116 #line 1116 \"./dwarf2.c\"\ntmp = dgettext((char const   *)\"bfd\",\n               (char const   *)\"Dwarf Error: Info pointer extends beyond end of attributes\");
We are passing 1476 3947 1116 #line 1116\n_bfd_error_handler((char const   *)tmp);
We are passing 1476 3948 1117 #line 1117\nbfd_set_error((bfd_error_type )17);
We are passing 1476 3944 1114 #line 1114\n__inserted_bool = form != 25U;
We are passing 1476 3941 1114 #line 1114\n__inserted_bool = (unsigned long )info_ptr >= (unsigned long )info_ptr_end;
We are passing 1476 3952 1125 #line 1125\n__inserted_bool = form == 16U;
We are passing 1476 3956 1138 #line 1138\n__inserted_bool = form == 1U;
We are passing 1476 3960 1143 #line 1143\n__inserted_bool = form == 23U;
We are passing 1476 3964 1143 #line 1143\n__inserted_bool = form == 7968U;
We are passing 1476 3968 1150 #line 1150\n__inserted_bool = form == 3U;
We are passing 1476 3972 1161 #line 1161\n__inserted_bool = form == 4U;
We are passing 1476 3976 1172 #line 1172\n__inserted_bool = form == 5U;
We are passing 1476 3980 1176 #line 1176\n__inserted_bool = form == 6U;
We are passing 1476 3984 1180 #line 1180\n__inserted_bool = form == 7U;
We are passing 1476 3988 1184 #line 1184\n__inserted_bool = form == 8U;
We are passing 1476 3992 1188 #line 1188\n__inserted_bool = form == 14U;
We are passing 1476 3996 1192 #line 1192\n__inserted_bool = form == 31U;
We are passing 1476 4000 1196 #line 1196\n__inserted_bool = form == 7969U;
We are passing 1476 4004 1201 #line 1201\n__inserted_bool = form == 9U;
We are passing 1476 4008 1201 #line 1201\n__inserted_bool = form == 24U;
We are passing 1476 4012 1213 #line 1213\n__inserted_bool = form == 10U;
We are passing 1476 4016 1224 #line 1224\n__inserted_bool = form == 11U;
We are passing 1476 4020 1228 #line 1228\n__inserted_bool = form == 12U;
We are passing 1476 4024 1232 #line 1232\n__inserted_bool = form == 25U;
We are passing 1476 4028 1235 #line 1235\n__inserted_bool = form == 13U;
We are passing 1476 4032 1240 #line 1240\n__inserted_bool = form == 15U;
We are passing 1476 4036 1245 #line 1245\n__inserted_bool = form == 17U;
We are passing 1476 4040 1249 #line 1249\n__inserted_bool = form == 18U;
We are passing 1476 4044 1253 #line 1253\n__inserted_bool = form == 19U;
We are passing 1476 4048 1257 #line 1257\n__inserted_bool = form == 20U;
We are passing 1476 4052 1261 #line 1261\n__inserted_bool = form == 32U;
We are passing 1476 4056 1265 #line 1265\n__inserted_bool = form == 21U;
We are passing 1476 4060 1270 #line 1270\n__inserted_bool = form == 22U;
We are passing 1476 4064 1283 #line 1283\n__inserted_bool = form == 33U;
We are passing 1476 4078 1131 #line 1131\ntmp___0 = read_4_bytes(unit->abfd,\n                       info_ptr,\n                       info_ptr_end);
We are passing 1476 4079 1131 #line 1131\nattr->u.val = (bfd_uint64_t )tmp___0;
We are passing 1476 4080 1133 #line 1133\nattr->u.val = read_8_bytes(unit->abfd,\n                           info_ptr,\n                           info_ptr_end);
We are passing 1476 4076 1130 #line 1130\n__inserted_bool = (int )unit->offset_size == 4;
We are passing 1476 4081 1134 #line 1134\ninfo_ptr += (int )unit->offset_size;
We are passing 1476 4073 1128 #line 1128\n__inserted_bool = unit->version == 4;
We are passing 1476 4069 1128 #line 1128\n__inserted_bool = unit->version == 3;
We are passing 1476 4089 1145 #line 1145\ntmp___1 = read_4_bytes(unit->abfd,\n                       info_ptr,\n                       info_ptr_end);
We are passing 1476 4090 1145 #line 1145\nattr->u.val = (bfd_uint64_t )tmp___1;
We are passing 1476 4091 1147 #line 1147\nattr->u.val = read_8_bytes(unit->abfd,\n                           info_ptr,\n                           info_ptr_end);
We are passing 1476 4087 1144 #line 1144\n__inserted_bool = (int )unit->offset_size == 4;
We are passing 1476 4098 1153 #line 1153\n__inserted_bool = (unsigned long )blk == (unsigned long )((void *)0);
We are passing 1476 4111 1164 #line 1164\n__inserted_bool = (unsigned long )blk == (unsigned long )((void *)0);
We are passing 1476 4147 1204 #line 1204\n__inserted_bool = (unsigned long )blk == (unsigned long )((void *)0);
We are passing 1476 4161 1216 #line 1216\n__inserted_bool = (unsigned long )blk == (unsigned long )((void *)0);
We are passing 1476 4214 1276 #line 1276\nimplicit_const = _bfd_safe_read_leb128(abfd,\n                                       info_ptr,\n                                       & bytes_read,\n                                       1,\n                                       (bfd_byte const   *)info_ptr_end);
We are passing 1476 4215 1278 #line 1278\ninfo_ptr += bytes_read;
We are passing 1476 4212 1274 #line 1274\n__inserted_bool = form == 33U;
We are passing 1476 3925 1 #line 1 \"<compiler builtins>\"\ntmp___15 = 0;
We are passing 1476 3926 1 #line 1\ntmp___14 = 0;
We are passing 1476 3927 1 #line 1\ntmp___13 = 0;
We are passing 1476 3928 1 #line 1\ntmp___12 = 0;
We are passing 1476 3929 1 #line 1\ntmp___11 = 0;
We are passing 1476 3930 1 #line 1\ntmp___10 = 0;
We are passing 1476 3931 1 #line 1\ntmp___9 = 0;
We are passing 1476 3932 1 #line 1\ntmp___7 = 0;
We are passing 1476 3933 1 #line 1\ntmp___5 = 0;
We are passing 1476 3934 1 #line 1\ntmp___4 = 0;
We are passing 1476 3935 1 #line 1\ntmp___1 = 0;
We are passing 1476 3936 1 #line 1\ntmp___0 = 0;
We are passing 1476 3937 1 #line 1\namt = 0;
We are passing 1476 3938 1 #line 1\nbytes_read = 0;
We are passing 1476 3939 1109 #line 1109 \"./dwarf2.c\"\nabfd = unit->abfd;
We are passing 1476 3950 1121 #line 1121\nattr->form = (enum dwarf_form )form;
We are passing 1476 4083 1139 case_1: \n#line 1139\nattr->u.val = read_address(unit,\n                           info_ptr,\n                           info_ptr_end);
We are passing 1476 4084 1140 #line 1140\ninfo_ptr += (int )unit->addr_size;
We are passing 1476 4092 1148 #line 1148\ninfo_ptr += (int )unit->offset_size;
We are passing 1476 4094 1151 case_3: \n#line 1151\namt = sizeof(struct dwarf_block );
We are passing 1476 4095 1152 #line 1152\ntmp___2 = bfd_alloc(abfd,\n                    amt);
We are passing 1476 4096 1152 #line 1152\nblk = (struct dwarf_block *)tmp___2;
We are passing 1476 4101 1155 #line 1155\nblk->size = read_2_bytes(abfd,\n                         info_ptr,\n                         info_ptr_end);
We are passing 1476 4102 1156 #line 1156\ninfo_ptr += 2;
We are passing 1476 4103 1157 #line 1157\nblk->data = read_n_bytes(abfd,\n                         info_ptr,\n                         info_ptr_end,\n                         blk->size);
We are passing 1476 4104 1158 #line 1158\ninfo_ptr += blk->size;
We are passing 1476 4105 1159 #line 1159\nattr->u.blk = blk;
We are passing 1476 4107 1162 case_4: \n#line 1162\namt = sizeof(struct dwarf_block );
We are passing 1476 4108 1163 #line 1163\ntmp___3 = bfd_alloc(abfd,\n                    amt);
We are passing 1476 4109 1163 #line 1163\nblk = (struct dwarf_block *)tmp___3;
We are passing 1476 4114 1166 #line 1166\nblk->size = read_4_bytes(abfd,\n                         info_ptr,\n                         info_ptr_end);
We are passing 1476 4115 1167 #line 1167\ninfo_ptr += 4;
We are passing 1476 4116 1168 #line 1168\nblk->data = read_n_bytes(abfd,\n                         info_ptr,\n                         info_ptr_end,\n                         blk->size);
We are passing 1476 4117 1169 #line 1169\ninfo_ptr += blk->size;
We are passing 1476 4118 1170 #line 1170\nattr->u.blk = blk;
We are passing 1476 4120 1173 case_5: \n#line 1173\ntmp___4 = read_2_bytes(abfd,\n                       info_ptr,\n                       info_ptr_end);
We are passing 1476 4121 1173 #line 1173\nattr->u.val = (bfd_uint64_t )tmp___4;
We are passing 1476 4122 1174 #line 1174\ninfo_ptr += 2;
We are passing 1476 4124 1177 case_6: \n#line 1177\ntmp___5 = read_4_bytes(abfd,\n                       info_ptr,\n                       info_ptr_end);
We are passing 1476 4125 1177 #line 1177\nattr->u.val = (bfd_uint64_t )tmp___5;
We are passing 1476 4126 1178 #line 1178\ninfo_ptr += 4;
We are passing 1476 4128 1181 case_7: \n#line 1181\nattr->u.val = read_8_bytes(abfd,\n                           info_ptr,\n                           info_ptr_end);
We are passing 1476 4129 1182 #line 1182\ninfo_ptr += 8;
We are passing 1476 4131 1185 case_8: \n#line 1185\nattr->u.str = read_string(abfd,\n                          info_ptr,\n                          info_ptr_end,\n                          & bytes_read);
We are passing 1476 4132 1186 #line 1186\ninfo_ptr += bytes_read;
We are passing 1476 4134 1189 case_14: \n#line 1189\nattr->u.str = read_indirect_string(unit,\n                                   info_ptr,\n                                   info_ptr_end,\n                                   & bytes_read);
We are passing 1476 4135 1190 #line 1190\ninfo_ptr += bytes_read;
We are passing 1476 4137 1193 case_31: \n#line 1193\nattr->u.str = read_indirect_line_string(unit,\n                                        info_ptr,\n                                        info_ptr_end,\n                                        & bytes_read);
We are passing 1476 4138 1194 #line 1194\ninfo_ptr += bytes_read;
We are passing 1476 4140 1197 case_7969: \n#line 1197\nattr->u.str = read_alt_indirect_string(unit,\n                                       info_ptr,\n                                       info_ptr_end,\n                                       & bytes_read);
We are passing 1476 4141 1198 #line 1198\ninfo_ptr += bytes_read;
We are passing 1476 4143 1202 case_9: \n#line 1202\namt = sizeof(struct dwarf_block );
We are passing 1476 4144 1203 #line 1203\ntmp___6 = bfd_alloc(abfd,\n                    amt);
We are passing 1476 4145 1203 #line 1203\nblk = (struct dwarf_block *)tmp___6;
We are passing 1476 4150 1206 #line 1206\ntmp___7 = _bfd_safe_read_leb128(abfd,\n                                info_ptr,\n                                & bytes_read,\n                                0,\n                                (bfd_byte const   *)info_ptr_end);
We are passing 1476 4151 1206 #line 1206\nblk->size = (unsigned int )tmp___7;
We are passing 1476 4152 1208 #line 1208\ninfo_ptr += bytes_read;
We are passing 1476 4153 1209 #line 1209\nblk->data = read_n_bytes(abfd,\n                         info_ptr,\n                         info_ptr_end,\n                         blk->size);
We are passing 1476 4154 1210 #line 1210\ninfo_ptr += blk->size;
We are passing 1476 4155 1211 #line 1211\nattr->u.blk = blk;
We are passing 1476 4157 1214 case_10: \n#line 1214\namt = sizeof(struct dwarf_block );
We are passing 1476 4158 1215 #line 1215\ntmp___8 = bfd_alloc(abfd,\n                    amt);
We are passing 1476 4159 1215 #line 1215\nblk = (struct dwarf_block *)tmp___8;
We are passing 1476 4164 1218 #line 1218\nblk->size = read_1_byte(abfd,\n                        info_ptr,\n                        info_ptr_end);
We are passing 1476 4165 1219 #line 1219\ninfo_ptr ++;
We are passing 1476 4166 1220 #line 1220\nblk->data = read_n_bytes(abfd,\n                         info_ptr,\n                         info_ptr_end,\n                         blk->size);
We are passing 1476 4167 1221 #line 1221\ninfo_ptr += blk->size;
We are passing 1476 4168 1222 #line 1222\nattr->u.blk = blk;
We are passing 1476 4170 1225 case_11: \n#line 1225\ntmp___9 = read_1_byte(abfd,\n                      info_ptr,\n                      info_ptr_end);
We are passing 1476 4171 1225 #line 1225\nattr->u.val = (bfd_uint64_t )tmp___9;
We are passing 1476 4172 1226 #line 1226\ninfo_ptr ++;
We are passing 1476 4174 1229 case_12: \n#line 1229\ntmp___10 = read_1_byte(abfd,\n                       info_ptr,\n                       info_ptr_end);
We are passing 1476 4175 1229 #line 1229\nattr->u.val = (bfd_uint64_t )tmp___10;
We are passing 1476 4176 1230 #line 1230\ninfo_ptr ++;
We are passing 1476 4178 1233 case_25: \n#line 1233\nattr->u.val = (bfd_uint64_t )1;
We are passing 1476 4180 1236 case_13: \n#line 1236\ntmp___11 = _bfd_safe_read_leb128(abfd,\n                                 info_ptr,\n                                 & bytes_read,\n                                 1,\n                                 (bfd_byte const   *)info_ptr_end);
We are passing 1476 4181 1236 #line 1236\nattr->u.sval = (bfd_int64_t )tmp___11;
We are passing 1476 4182 1238 #line 1238\ninfo_ptr += bytes_read;
We are passing 1476 4184 1241 case_15: \n#line 1241\nattr->u.val = _bfd_safe_read_leb128(abfd,\n                                    info_ptr,\n                                    & bytes_read,\n                                    0,\n                                    (bfd_byte const   *)info_ptr_end);
We are passing 1476 4185 1243 #line 1243\ninfo_ptr += bytes_read;
We are passing 1476 4187 1246 case_17: \n#line 1246\ntmp___12 = read_1_byte(abfd,\n                       info_ptr,\n                       info_ptr_end);
We are passing 1476 4188 1246 #line 1246\nattr->u.val = (bfd_uint64_t )tmp___12;
We are passing 1476 4189 1247 #line 1247\ninfo_ptr ++;
We are passing 1476 4191 1250 case_18: \n#line 1250\ntmp___13 = read_2_bytes(abfd,\n                        info_ptr,\n                        info_ptr_end);
We are passing 1476 4192 1250 #line 1250\nattr->u.val = (bfd_uint64_t )tmp___13;
We are passing 1476 4193 1251 #line 1251\ninfo_ptr += 2;
We are passing 1476 4195 1254 case_19: \n#line 1254\ntmp___14 = read_4_bytes(abfd,\n                        info_ptr,\n                        info_ptr_end);
We are passing 1476 4196 1254 #line 1254\nattr->u.val = (bfd_uint64_t )tmp___14;
We are passing 1476 4197 1255 #line 1255\ninfo_ptr += 4;
We are passing 1476 4199 1258 case_20: \n#line 1258\nattr->u.val = read_8_bytes(abfd,\n                           info_ptr,\n                           info_ptr_end);
We are passing 1476 4200 1259 #line 1259\ninfo_ptr += 8;
We are passing 1476 4202 1262 case_32: \n#line 1262\nattr->u.val = read_8_bytes(abfd,\n                           info_ptr,\n                           info_ptr_end);
We are passing 1476 4203 1263 #line 1263\ninfo_ptr += 8;
We are passing 1476 4205 1266 case_21: \n#line 1266\nattr->u.val = _bfd_safe_read_leb128(abfd,\n                                    info_ptr,\n                                    & bytes_read,\n                                    0,\n                                    (bfd_byte const   *)info_ptr_end);
We are passing 1476 4206 1268 #line 1268\ninfo_ptr += bytes_read;
We are passing 1476 4208 1271 case_22: \n#line 1271\ntmp___15 = _bfd_safe_read_leb128(abfd,\n                                 info_ptr,\n                                 & bytes_read,\n                                 0,\n                                 (bfd_byte const   *)info_ptr_end);
We are passing 1476 4209 1271 #line 1271\nform = (unsigned int )tmp___15;
We are passing 1476 4210 1273 #line 1273\ninfo_ptr += bytes_read;
We are passing 1476 4216 1280 #line 1280\ninfo_ptr = read_attribute_value(attr,\n                                form,\n                                implicit_const,\n                                unit,\n                                info_ptr,\n                                info_ptr_end);
We are passing 1476 4218 1284 case_33: \n#line 1284\nattr->form = (enum dwarf_form )13;
We are passing 1476 4219 1285 #line 1285\nattr->u.sval = (bfd_int64_t )implicit_const;
We are passing 1476 4221 1288 switch_default: \n#line 1288\ntmp___16 = dgettext((char const   *)\"bfd\",\n                    (char const   *)\"Dwarf Error: Invalid or unhandled FORM value: %#x.\");
We are passing 1476 4222 1288 #line 1288\n_bfd_error_handler((char const   *)tmp___16,\n                   form);
We are passing 1476 4223 1290 #line 1290\nbfd_set_error((bfd_error_type )17);
We are passing 1511 4227 1305 #line 1305\nattr->name = abbrev->name;
We are passing 1511 4228 1306 #line 1306\ninfo_ptr = read_attribute_value(attr,\n                                (unsigned int )abbrev->form,\n                                abbrev->implicit_const,\n                                unit,\n                                info_ptr,\n                                info_ptr_end);
We are passing 1522 4231 1333 #line 1333\n__inserted_bool = lang == 29;
We are passing 1522 4235 1333 #line 1333\n__inserted_bool = lang == 18;
We are passing 1522 4239 1333 #line 1333\n__inserted_bool = lang == 15;
We are passing 1522 4243 1333 #line 1333\n__inserted_bool = lang == 13;
We are passing 1522 4247 1333 #line 1333\n__inserted_bool = lang == 12;
We are passing 1522 4251 1333 #line 1333\n__inserted_bool = lang == 9;
We are passing 1522 4255 1333 #line 1333\n__inserted_bool = lang == 7;
We are passing 1522 4259 1333 #line 1333\n__inserted_bool = lang == 6;
We are passing 1522 4263 1333 #line 1333\n__inserted_bool = lang == 5;
We are passing 1522 4267 1333 #line 1333\n__inserted_bool = lang == 3;
We are passing 1522 4271 1333 #line 1333\n__inserted_bool = lang == 2;
We are passing 1522 4275 1333 #line 1333\n__inserted_bool = lang == 1;
We are passing 1525 4287 1448 #line 1448\ntmp = 1;
We are passing 1525 4294 1448 #line 1448\ntmp = 1;
We are passing 1525 4301 1448 #line 1448\ntmp = 1;
We are passing 1525 4302 1448 #line 1448\ntmp = 0;
We are passing 1525 4299 1448 #line 1448\n__inserted_bool = (int )new_line->end_sequence < (int )line->end_sequence;
We are passing 1525 4303 1448 #line 1448\ntmp = 0;
We are passing 1525 4296 1448 #line 1448\n__inserted_bool = (int )new_line->op_index == (int )line->op_index;
We are passing 1525 4292 1448 #line 1448\n__inserted_bool = (int )new_line->op_index > (int )line->op_index;
We are passing 1525 4304 1448 #line 1448\ntmp = 0;
We are passing 1525 4289 1448 #line 1448\n__inserted_bool = new_line->address == line->address;
We are passing 1525 4285 1448 #line 1448\n__inserted_bool = new_line->address > line->address;
We are passing 1525 4283 1 #line 1 \"<compiler builtins>\"\ntmp = 0;
We are passing 1531 4318 1475 #line 1475 \"./dwarf2.c\"\n__inserted_bool = (unsigned long )info == (unsigned long )((void *)0);
We are passing 1531 4334 1490 #line 1490\n__inserted_bool = (unsigned long )info->filename == (unsigned long )((void *)0);
We are passing 1531 4330 1489 #line 1489\ntmp___0 = strlen((char const   *)filename);
We are passing 1531 4331 1489 #line 1489\ntmp___1 = bfd_alloc(table->abfd,\n                    tmp___0 + 1UL);
We are passing 1531 4332 1489 #line 1489\ninfo->filename = (char *)tmp___1;
We are passing 1531 4337 1492 #line 1492\nstrcpy((char */* __restrict  */)info->filename,\n       (char const   */* __restrict  */)filename);
We are passing 1531 4338 1495 #line 1495\ninfo->filename = (char *)((void *)0);
We are passing 1531 4339 1495 #line 1495\ninfo->filename = (char *)((void *)0);
We are passing 1531 4353 1520 #line 1520\ntable->lcl_head = info;
We are passing 1531 4351 1519 #line 1519\n__inserted_bool = (unsigned long )table->lcl_head == (unsigned long )seq->last_line;
We are passing 1531 4354 1521 #line 1521\ninfo->prev_line = (seq->last_line)->prev_line;
We are passing 1531 4355 1522 #line 1522\nseq->last_line = info;
We are passing 1531 4348 1512 #line 1512\n__inserted_bool = (int )(seq->last_line)->end_sequence == end_sequence;
We are passing 1531 4345 1512 #line 1512\n__inserted_bool = (int )(seq->last_line)->op_index == (int )op_index;
We are passing 1531 4342 1512 #line 1512\n__inserted_bool = (seq->last_line)->address == address;
We are passing 1531 4368 1529 #line 1529\n__inserted_bool = (unsigned long )seq == (unsigned long )((void *)0);
We are passing 1531 4364 1527 _L___0: \n#line 1527\namt = sizeof(struct line_sequence );
We are passing 1531 4365 1528 #line 1528\ntmp___2 = bfd_malloc(amt);
We are passing 1531 4366 1528 #line 1528\nseq = (struct line_sequence *)tmp___2;
We are passing 1531 4371 1531 #line 1531\nseq->low_pc = address;
We are passing 1531 4372 1532 #line 1532\nseq->prev_sequence = table->sequences;
We are passing 1531 4373 1533 #line 1533\nseq->last_line = info;
We are passing 1531 4374 1534 #line 1534\ntable->lcl_head = info;
We are passing 1531 4375 1535 #line 1535\ntable->sequences = seq;
We are passing 1531 4376 1536 #line 1536\n(table->num_sequences) ++;
We are passing 1531 4384 1546 #line 1546\ntable->lcl_head = info;
We are passing 1531 4382 1545 #line 1545\n__inserted_bool = ! table->lcl_head;
We are passing 1531 4379 1541 #line 1541\ninfo->prev_line = seq->last_line;
We are passing 1531 4380 1542 #line 1542\nseq->last_line = info;
We are passing 1531 4396 1563 #line 1563\n__inserted_bool = ! li1;
We are passing 1531 4403 1565 #line 1565\ntmp___4 = new_line_sorts_after(info,\n                               li1);
We are passing 1531 4401 1565 #line 1565\n__inserted_bool = ! tmp___3;
We are passing 1531 4399 1565 #line 1565\ntmp___3 = new_line_sorts_after(info,\n                               li2);
We are passing 1531 4406 1569 #line 1569\nli2 = li1;
We are passing 1531 4407 1570 #line 1570\nli1 = li1->prev_line;
We are passing 1531 4416 1576 #line 1576\nseq->low_pc = address;
We are passing 1531 4414 1575 #line 1575\n__inserted_bool = address < seq->low_pc;
We are passing 1531 4387 1560 _L: \n#line 1560\nli2 = seq->last_line;
We are passing 1531 4388 1561 #line 1561\nli1 = li2->prev_line;
We are passing 1531 4410 1572 while_break: \n#line 1572\ntable->lcl_head = li2;
We are passing 1531 4411 1573 #line 1573\ninfo->prev_line = (table->lcl_head)->prev_line;
We are passing 1531 4412 1574 #line 1574\n(table->lcl_head)->prev_line = info;
We are passing 1531 4420 1553 #line 1553\ninfo->prev_line = (table->lcl_head)->prev_line;
We are passing 1531 4421 1554 #line 1554\n(table->lcl_head)->prev_line = info;
We are passing 1531 4424 1553 #line 1553\ninfo->prev_line = (table->lcl_head)->prev_line;
We are passing 1531 4425 1554 #line 1554\n(table->lcl_head)->prev_line = info;
We are passing 1531 4422 1548 #line 1548\ntmp___6 = new_line_sorts_after(info,\n                               (table->lcl_head)->prev_line);
We are passing 1531 4418 1548 #line 1548\n__inserted_bool = ! (table->lcl_head)->prev_line;
We are passing 1531 4385 1548 #line 1548\ntmp___5 = new_line_sorts_after(info,\n                               table->lcl_head);
We are passing 1531 4377 1538 #line 1538\ntmp___7 = new_line_sorts_after(info,\n                               seq->last_line);
We are passing 1531 4360 1524 #line 1524\n__inserted_bool = ! seq;
We are passing 1531 4306 1 #line 1 \"<compiler builtins>\"\ntmp___7 = 0;
We are passing 1531 4307 1 #line 1\ntmp___6 = 0;
We are passing 1531 4308 1 #line 1\ntmp___5 = 0;
We are passing 1531 4309 1 #line 1\ntmp___4 = 0;
We are passing 1531 4310 1 #line 1\ntmp___3 = 0;
We are passing 1531 4311 1 #line 1\ntmp___0 = 0;
We are passing 1531 4312 1 #line 1\namt = 0;
We are passing 1531 4313 1471 #line 1471 \"./dwarf2.c\"\namt = sizeof(struct line_info );
We are passing 1531 4314 1472 #line 1472\nseq = table->sequences;
We are passing 1531 4315 1473 #line 1473\ntmp = bfd_alloc(table->abfd,\n                amt);
We are passing 1531 4316 1473 #line 1473\ninfo = (struct line_info *)tmp;
We are passing 1531 4321 1479 #line 1479\ninfo->prev_line = (struct line_info *)((void *)0);
We are passing 1531 4322 1480 #line 1480\ninfo->address = address;
We are passing 1531 4323 1481 #line 1481\ninfo->op_index = op_index;
We are passing 1531 4324 1482 #line 1482\ninfo->line = line;
We are passing 1531 4325 1483 #line 1483\ninfo->column = column;
We are passing 1531 4326 1484 #line 1484\ninfo->discriminator = discriminator;
We are passing 1531 4327 1485 #line 1485\ninfo->end_sequence = (unsigned char )end_sequence;
We are passing 1562 4436 1594 #line 1594\ntmp = dgettext((char const   *)\"bfd\",\n               (char const   *)\"Dwarf Error: mangled line number section (bad file number).\");
We are passing 1562 4437 1594 #line 1594\n_bfd_error_handler((char const   *)tmp);
We are passing 1562 4438 1596 #line 1596\ntmp___0 = strdup((char const   *)\"<unknown>\");
We are passing 1562 4433 1590 #line 1590\n__inserted_bool = file - 1U >= table->num_files;
We are passing 1562 4450 1601 #line 1601\n__inserted_bool = (int )*(filename + 1) == 58;
We are passing 1562 4463 1613 #line 1613\nsubdir_name = *(table->dirs + ((table->files + (file - 1U))->dir - 1U));
We are passing 1562 4461 1608 #line 1608\n__inserted_bool = (unsigned long )table->dirs != (unsigned long )((void *)0);
We are passing 1562 4458 1608 #line 1608\n__inserted_bool = (table->files + (file - 1U))->dir <= table->num_dirs;
We are passing 1562 4467 1616 #line 1616\ndir_name = table->comp_dir;
We are passing 1562 4479 1616 #line 1616\ndir_name = table->comp_dir;
We are passing 1562 4480 1616 #line 1616\ndir_name = table->comp_dir;
We are passing 1562 4477 1615 #line 1615\n__inserted_bool = (int )*(subdir_name + 1) == 58;
We are passing 1562 4481 1616 #line 1616\ndir_name = table->comp_dir;
We are passing 1562 4472 1615 #line 1615\n__inserted_bool = (int )*(subdir_name + 0) == 92;
We are passing 1562 4469 1615 #line 1615\n__inserted_bool = ! ((int )*(subdir_name + 0) == 47);
We are passing 1562 4465 1615 #line 1615\n__inserted_bool = ! subdir_name;
We are passing 1562 4485 1620 #line 1620\ndir_name = subdir_name;
We are passing 1562 4486 1621 #line 1621\nsubdir_name = (char *)((void *)0);
We are passing 1562 4483 1618 #line 1618\n__inserted_bool = ! dir_name;
We are passing 1562 4490 1625 #line 1625\ntmp___1 = strdup((char const   *)filename);
We are passing 1562 4488 1624 #line 1624\n__inserted_bool = ! dir_name;
We are passing 1562 4501 1634 #line 1634\nsprintf((char */* __restrict  */)name,\n        (char const   */* __restrict  */)\"%s/%s/%s\",\n        dir_name,\n        subdir_name,\n        filename);
We are passing 1562 4496 1631 #line 1631\ntmp___4 = strlen((char const   *)subdir_name);
We are passing 1562 4497 1631 #line 1631\nlen += tmp___4 + 1UL;
We are passing 1562 4498 1632 #line 1632\ntmp___5 = bfd_malloc(len);
We are passing 1562 4499 1632 #line 1632\nname = (char *)tmp___5;
We are passing 1562 4505 1640 #line 1640\nsprintf((char */* __restrict  */)name,\n        (char const   */* __restrict  */)\"%s/%s\",\n        dir_name,\n        filename);
We are passing 1562 4502 1638 #line 1638\ntmp___6 = bfd_malloc(len);
We are passing 1562 4503 1638 #line 1638\nname = (char *)tmp___6;
We are passing 1562 4454 1603 _L___1: \n#line 1603\ndir_name = (char *)((void *)0);
We are passing 1562 4455 1604 #line 1604\nsubdir_name = (char *)((void *)0);
We are passing 1562 4492 1627 #line 1627\ntmp___2 = strlen((char const   *)dir_name);
We are passing 1562 4493 1627 #line 1627\ntmp___3 = strlen((char const   *)filename);
We are passing 1562 4494 1627 #line 1627\nlen = (tmp___2 + tmp___3) + 2UL;
We are passing 1562 4445 1601 #line 1601\n__inserted_bool = (int )*(filename + 0) == 92;
We are passing 1562 4442 1601 #line 1601\n__inserted_bool = ! ((int )*(filename + 0) == 47);
We are passing 1562 4428 1 #line 1 \"<compiler builtins>\"\ntmp___4 = 0;
We are passing 1562 4429 1 #line 1\ntmp___3 = 0;
We are passing 1562 4430 1 #line 1\ntmp___2 = 0;
We are passing 1562 4431 1 #line 1\nlen = 0;
We are passing 1562 4440 1599 #line 1599 \"./dwarf2.c\"\nfilename = (table->files + (file - 1U))->name;
We are passing 1562 4507 1646 #line 1646\ntmp___7 = strdup((char const   *)filename);
We are passing 1581 4510 1656 #line 1656\n__inserted_bool = low_pc == high_pc;
We are passing 1581 4516 1662 #line 1662\nfirst_arange->low = low_pc;
We are passing 1581 4517 1663 #line 1663\nfirst_arange->high = high_pc;
We are passing 1581 4514 1660 #line 1660\n__inserted_bool = first_arange->high == 0UL;
We are passing 1581 4529 1673 #line 1673\narange->high = high_pc;
We are passing 1581 4527 1671 #line 1671\n__inserted_bool = low_pc == arange->high;
We are passing 1581 4534 1678 #line 1678\narange->low = low_pc;
We are passing 1581 4532 1676 #line 1676\n__inserted_bool = high_pc == arange->low;
We are passing 1581 4538 1669 #line 1669\n__inserted_bool = ! arange;
We are passing 1581 4536 1681 #line 1681\narange = arange->next;
We are passing 1581 4546 1688 #line 1688\n__inserted_bool = (unsigned long )arange == (unsigned long )((void *)0);
We are passing 1581 4519 1668 #line 1668\narange = first_arange;
We are passing 1581 4543 1687 while_break: \n#line 1687\ntmp = bfd_alloc((bfd *)unit->abfd,\n                sizeof(*arange));
We are passing 1581 4544 1687 #line 1687\narange = (struct arange *)tmp;
We are passing 1581 4549 1690 #line 1690\narange->low = low_pc;
We are passing 1581 4550 1691 #line 1691\narange->high = high_pc;
We are passing 1581 4551 1692 #line 1692\narange->next = first_arange->next;
We are passing 1581 4552 1693 #line 1693\nfirst_arange->next = arange;
We are passing 1592 4557 1706 #line 1706\n__inserted_bool = seq1->low_pc < seq2->low_pc;
We are passing 1592 4561 1708 #line 1708\n__inserted_bool = seq1->low_pc > seq2->low_pc;
We are passing 1592 4565 1713 #line 1713\n__inserted_bool = (seq1->last_line)->address < (seq2->last_line)->address;
We are passing 1592 4569 1715 #line 1715\n__inserted_bool = (seq1->last_line)->address > (seq2->last_line)->address;
We are passing 1592 4573 1718 #line 1718\n__inserted_bool = (int )(seq1->last_line)->op_index < (int )(seq2->last_line)->op_index;
We are passing 1592 4577 1720 #line 1720\n__inserted_bool = (int )(seq1->last_line)->op_index > (int )(seq2->last_line)->op_index;
We are passing 1592 4554 1702 #line 1702\nseq1 = (struct line_sequence  const  *)a;
We are passing 1592 4555 1703 #line 1703\nseq2 = (struct line_sequence  const  *)b;
We are passing 1599 4585 1738 #line 1738\n__inserted_bool = (unsigned long )seq->line_info_lookup != (unsigned long )((void *)0);
We are passing 1599 4597 1746 #line 1746\n__inserted_bool = ! each_line;
We are passing 1599 4600 1747 #line 1747\nnum_lines ++;
We are passing 1599 4601 1746 #line 1746\neach_line = each_line->prev_line;
We are passing 1599 4606 1749 #line 1749\n__inserted_bool = num_lines == 0U;
We are passing 1599 4613 1755 #line 1755\n__inserted_bool = (unsigned long )line_info_lookup == (unsigned long )((void *)0);
We are passing 1599 4625 1760 #line 1760\n__inserted_bool = ! each_line;
We are passing 1599 4628 1761 #line 1761\nline_index --;
We are passing 1599 4629 1761 #line 1761\n*(line_info_lookup + line_index) = each_line;
We are passing 1599 4630 1760 #line 1760\neach_line = each_line->prev_line;
We are passing 1599 4643 1763 #line 1763\nbfd_assert((char const   *)\"./dwarf2.c\",\n           1763);
We are passing 1599 4641 1763 #line 1763\n__inserted_bool = ! (line_index == 0U);
We are passing 1599 4581 1 #line 1 \"<compiler builtins>\"\nline_index = 0;
We are passing 1599 4582 1 #line 1\nnum_lines = 0;
We are passing 1599 4583 1 #line 1\namt = 0;
We are passing 1599 4588 1745 #line 1745 \"./dwarf2.c\"\nnum_lines = 0U;
We are passing 1599 4589 1746 #line 1746\neach_line = seq->last_line;
We are passing 1599 4609 1753 #line 1753\namt = sizeof(struct line_info *) * (unsigned long )num_lines;
We are passing 1599 4610 1754 #line 1754\ntmp = bfd_alloc(table->abfd,\n                amt);
We are passing 1599 4611 1754 #line 1754\nline_info_lookup = (struct line_info **)tmp;
We are passing 1599 4616 1759 #line 1759\nline_index = num_lines;
We are passing 1599 4617 1760 #line 1760\neach_line = seq->last_line;
We are passing 1599 4647 1765 while_break___1: \n#line 1765\nseq->num_lines = (bfd_size_type )num_lines;
We are passing 1599 4648 1766 #line 1766\nseq->line_info_lookup = line_info_lookup;
We are passing 1610 4657 1783 #line 1783\n__inserted_bool = num_sequences == 0U;
We are passing 1610 4664 1789 #line 1789\n__inserted_bool = (unsigned long )sequences == (unsigned long )((void *)0);
We are passing 1610 4676 1794 #line 1794\n__inserted_bool = ! (n < num_sequences);
We are passing 1610 4689 1798 #line 1798\nbfd_assert((char const   *)\"./dwarf2.c\",\n           1798);
We are passing 1610 4687 1798 #line 1798\n__inserted_bool = ! seq;
We are passing 1610 4679 1796 #line 1796\nlast_seq = seq;
We are passing 1610 4693 1799 while_break___0: \n#line 1799\n(sequences + n)->low_pc = seq->low_pc;
We are passing 1610 4694 1800 #line 1800\n(sequences + n)->prev_sequence = (struct line_sequence *)((void *)0);
We are passing 1610 4695 1801 #line 1801\n(sequences + n)->last_line = seq->last_line;
We are passing 1610 4696 1802 #line 1802\n(sequences + n)->line_info_lookup = (struct line_info **)((void *)0);
We are passing 1610 4697 1803 #line 1803\n(sequences + n)->num_lines = (bfd_size_type )0;
We are passing 1610 4698 1804 #line 1804\nseq = seq->prev_sequence;
We are passing 1610 4699 1805 #line 1805\nfree((void *)last_seq);
We are passing 1610 4700 1794 #line 1794\nn ++;
We are passing 1610 4713 1807 #line 1807\nbfd_assert((char const   *)\"./dwarf2.c\",\n           1807);
We are passing 1610 4711 1807 #line 1807\n__inserted_bool = ! ((unsigned long )seq == (unsigned long )((void *)0));
We are passing 1610 4728 1815 #line 1815\n__inserted_bool = ! (n < table->num_sequences);
We are passing 1610 4735 1819 #line 1819\n__inserted_bool = ((sequences + n)->last_line)->address <= last_high_pc;
We are passing 1610 4738 1824 #line 1824\n(sequences + n)->low_pc = last_high_pc;
We are passing 1610 4732 1817 #line 1817\n__inserted_bool = (sequences + n)->low_pc < last_high_pc;
We are passing 1610 4743 1830 #line 1830\n(sequences + num_sequences)->low_pc = (sequences + n)->low_pc;
We are passing 1610 4744 1831 #line 1831\n(sequences + num_sequences)->last_line = (sequences + n)->last_line;
We are passing 1610 4741 1827 #line 1827\n__inserted_bool = n > num_sequences;
We are passing 1610 4739 1826 #line 1826\nlast_high_pc = ((sequences + n)->last_line)->address;
We are passing 1610 4745 1833 #line 1833\nnum_sequences ++;
We are passing 1610 4746 1815 __Cont: \n#line 1815\nn ++;
We are passing 1610 4650 1 #line 1 \"<compiler builtins>\"\nlast_high_pc = 0;
We are passing 1610 4651 1 #line 1\nnum_sequences = 0;
We are passing 1610 4652 1 #line 1\nn = 0;
We are passing 1610 4653 1 #line 1\namt = 0;
We are passing 1610 4654 1779 #line 1779 \"./dwarf2.c\"\nn = 0U;
We are passing 1610 4655 1780 #line 1780\nnum_sequences = table->num_sequences;
We are passing 1610 4660 1787 #line 1787\namt = sizeof(struct line_sequence ) * (unsigned long )num_sequences;
We are passing 1610 4661 1788 #line 1788\ntmp = bfd_alloc(table->abfd,\n                amt);
We are passing 1610 4662 1788 #line 1788\nsequences = (struct line_sequence *)tmp;
We are passing 1610 4667 1793 #line 1793\nseq = table->sequences;
We are passing 1610 4668 1794 #line 1794\nn = 0U;
We are passing 1610 4717 1809 while_break___1: \n#line 1809\nqsort((void *)sequences,\n      (size_t )n,\n      sizeof(struct line_sequence ),\n      & compare_sequences);
We are passing 1610 4718 1813 #line 1813\nnum_sequences = 1U;
We are passing 1610 4719 1814 #line 1814\nlast_high_pc = ((sequences + 0)->last_line)->address;
We are passing 1610 4720 1815 #line 1815\nn = 1U;
We are passing 1610 4749 1836 while_break___2: \n#line 1836\ntable->sequences = sequences;
We are passing 1610 4750 1837 #line 1837\ntable->num_sequences = num_sequences;
We are passing 1621 4762 1855 #line 1855\n__inserted_bool = (unsigned long )tmp == (unsigned long )((void *)0);
We are passing 1621 4757 1851 #line 1851\namt = (bfd_size_type )(table->num_dirs + 5U);
We are passing 1621 4758 1852 #line 1852\namt *= sizeof(char *);
We are passing 1621 4759 1854 #line 1854\ntmp___0 = bfd_realloc((void *)table->dirs,\n                      amt);
We are passing 1621 4760 1854 #line 1854\ntmp = (char **)tmp___0;
We are passing 1621 4765 1857 #line 1857\ntable->dirs = tmp;
We are passing 1621 4755 1846 #line 1846\n__inserted_bool = table->num_dirs % 5U == 0U;
We are passing 1621 4752 1 #line 1 \"<compiler builtins>\"\ntmp___1 = 0;
We are passing 1621 4753 1 #line 1\namt = 0;
We are passing 1621 4766 1860 #line 1860 \"./dwarf2.c\"\ntmp___1 = table->num_dirs;
We are passing 1621 4767 1860 #line 1860\n(table->num_dirs) ++;
We are passing 1621 4768 1860 #line 1860\n*(table->dirs + tmp___1) = cur_dir;
We are passing 1630 4770 1 #line 1 \"<compiler builtins>\"\ntmp = 0;
We are passing 1630 4771 1870 #line 1870 \"./dwarf2.c\"\ntmp = line_info_add_include_dir(table,\n                                cur_dir);
We are passing 1642 4782 1889 #line 1889\n__inserted_bool = (unsigned long )tmp == (unsigned long )((void *)0);
We are passing 1642 4777 1885 #line 1885\namt = (bfd_size_type )(table->num_files + 5U);
We are passing 1642 4778 1886 #line 1886\namt *= sizeof(struct fileinfo );
We are passing 1642 4779 1888 #line 1888\ntmp___0 = bfd_realloc((void *)table->files,\n                      amt);
We are passing 1642 4780 1888 #line 1888\ntmp = (struct fileinfo *)tmp___0;
We are passing 1642 4785 1891 #line 1891\ntable->files = tmp;
We are passing 1642 4775 1880 #line 1880\n__inserted_bool = table->num_files % 5U == 0U;
We are passing 1642 4773 1 #line 1 \"<compiler builtins>\"\namt = 0;
We are passing 1642 4786 1894 #line 1894 \"./dwarf2.c\"\n(table->files + table->num_files)->name = cur_file;
We are passing 1642 4787 1895 #line 1895\n(table->files + table->num_files)->dir = dir;
We are passing 1642 4788 1896 #line 1896\n(table->files + table->num_files)->time = xtime;
We are passing 1642 4789 1897 #line 1897\n(table->files + table->num_files)->size = size;
We are passing 1642 4790 1898 #line 1898\n(table->num_files) ++;
We are passing 1656 4818 1926 #line 1926\n__inserted_bool = ! ((int )formati < (int )format_count);
We are passing 1656 4821 1928 #line 1928\n_bfd_safe_read_leb128(abfd,\n                      buf,\n                      & bytes_read,\n                      0,\n                      (bfd_byte const   *)buf_end);
We are passing 1656 4822 1929 #line 1929\nbuf += bytes_read;
We are passing 1656 4823 1930 #line 1930\n_bfd_safe_read_leb128(abfd,\n                      buf,\n                      & bytes_read,\n                      0,\n                      (bfd_byte const   *)buf_end);
We are passing 1656 4824 1931 #line 1931\nbuf += bytes_read;
We are passing 1656 4825 1926 #line 1926\nformati = (bfd_byte )((int )formati + 1);
We are passing 1656 4838 1936 #line 1936\n__inserted_bool = ! (datai < data_count);
We are passing 1656 4850 1941 #line 1941\n__inserted_bool = ! ((int )formati < (int )format_count);
We are passing 1656 4858 1953 #line 1953\n__inserted_bool = content_type == 1UL;
We are passing 1656 4862 1956 #line 1956\n__inserted_bool = content_type == 2UL;
We are passing 1656 4866 1959 #line 1959\n__inserted_bool = content_type == 3UL;
We are passing 1656 4870 1962 #line 1962\n__inserted_bool = content_type == 4UL;
We are passing 1656 4874 1965 #line 1965\n__inserted_bool = content_type == 5UL;
We are passing 1656 4894 1980 #line 1980\n__inserted_bool = form == 8UL;
We are passing 1656 4898 1985 #line 1985\n__inserted_bool = form == 31UL;
We are passing 1656 4902 1990 #line 1990\n__inserted_bool = form == 11UL;
We are passing 1656 4906 1995 #line 1995\n__inserted_bool = form == 5UL;
We are passing 1656 4910 2000 #line 2000\n__inserted_bool = form == 6UL;
We are passing 1656 4914 2005 #line 2005\n__inserted_bool = form == 7UL;
We are passing 1656 4918 2010 #line 2010\n__inserted_bool = form == 15UL;
We are passing 1656 4922 2016 #line 2016\n__inserted_bool = form == 9UL;
We are passing 1656 4853 1945 #line 1945\nstringp = & string_trash;
We are passing 1656 4854 1946 #line 1946\nuintp = & uint_trash;
We are passing 1656 4855 1948 #line 1948\ncontent_type = _bfd_safe_read_leb128(abfd,\n                                     format,\n                                     & bytes_read,\n                                     0,\n                                     (bfd_byte const   *)buf_end);
We are passing 1656 4856 1950 #line 1950\nformat += bytes_read;
We are passing 1656 4878 1954 case_1: \n#line 1954\nstringp = & fe.name;
We are passing 1656 4880 1957 case_2: \n#line 1957\nuintp = & fe.dir;
We are passing 1656 4882 1960 case_3: \n#line 1960\nuintp = & fe.time;
We are passing 1656 4884 1963 case_4: \n#line 1963\nuintp = & fe.size;
We are passing 1656 4887 1968 switch_default: \n#line 1968\ntmp___0 = dgettext((char const   *)\"bfd\",\n                   (char const   *)\"Dwarf Error: Unknown format content type %Lu.\");
We are passing 1656 4888 1968 #line 1968\n_bfd_error_handler((char const   *)tmp___0,\n                   content_type);
We are passing 1656 4889 1971 #line 1971\nbfd_set_error((bfd_error_type )17);
We are passing 1656 4891 1975 switch_break: \n#line 1975\nform = _bfd_safe_read_leb128(abfd,\n                             format,\n                             & bytes_read,\n                             0,\n                             (bfd_byte const   *)buf_end);
We are passing 1656 4892 1977 #line 1977\nformat += bytes_read;
We are passing 1656 4926 1981 case_8: \n#line 1981\n*stringp = read_string(abfd,\n                       buf,\n                       buf_end,\n                       & bytes_read);
We are passing 1656 4927 1982 #line 1982\nbuf += bytes_read;
We are passing 1656 4929 1986 case_31: \n#line 1986\n*stringp = read_indirect_line_string(unit,\n                                     buf,\n                                     buf_end,\n                                     & bytes_read);
We are passing 1656 4930 1987 #line 1987\nbuf += bytes_read;
We are passing 1656 4932 1991 case_11: \n#line 1991\n*uintp = read_1_byte(abfd,\n                     buf,\n                     buf_end);
We are passing 1656 4933 1992 #line 1992\nbuf ++;
We are passing 1656 4935 1996 case_5___0: \n#line 1996\n*uintp = read_2_bytes(abfd,\n                      buf,\n                      buf_end);
We are passing 1656 4936 1997 #line 1997\nbuf += 2;
We are passing 1656 4938 2001 case_6: \n#line 2001\n*uintp = read_4_bytes(abfd,\n                      buf,\n                      buf_end);
We are passing 1656 4939 2002 #line 2002\nbuf += 4;
We are passing 1656 4941 2006 case_7: \n#line 2006\ntmp___1 = read_8_bytes(abfd,\n                       buf,\n                       buf_end);
We are passing 1656 4942 2006 #line 2006\n*uintp = (unsigned int )tmp___1;
We are passing 1656 4943 2007 #line 2007\nbuf += 8;
We are passing 1656 4945 2011 case_15: \n#line 2011\ntmp___2 = _bfd_safe_read_leb128(abfd,\n                                buf,\n                                & bytes_read,\n                                0,\n                                (bfd_byte const   *)buf_end);
We are passing 1656 4946 2011 #line 2011\n*uintp = (unsigned int )tmp___2;
We are passing 1656 4947 2013 #line 2013\nbuf += bytes_read;
We are passing 1656 4950 1941 switch_break___0: \n#line 1941\nformati = (bfd_byte )((int )formati + 1);
We are passing 1656 4955 2023 #line 2023\n__inserted_bool = ! tmp___3;
We are passing 1656 4841 1938 #line 1938\nformat = format_header_data;
We are passing 1656 4842 1941 #line 1941\nformati = (bfd_byte )0;
We are passing 1656 4953 2023 while_break___1: \n#line 2023\ntmp___3 = (*callback)(table,\n                      fe.name,\n                      fe.dir,\n                      fe.time,\n                      fe.size);
We are passing 1656 4958 1936 #line 1936\ndatai ++;
We are passing 1656 4792 1 #line 1 \"<compiler builtins>\"\ntmp___3 = 0;
We are passing 1656 4793 1 #line 1\ntmp___2 = 0;
We are passing 1656 4794 1 #line 1\ntmp___1 = 0;
We are passing 1656 4795 1 #line 1\nuint_trash = 0;
We are passing 1656 4796 1 #line 1\nform = 0;
We are passing 1656 4797 1 #line 1\ncontent_type = 0;
We are passing 1656 4798 1 #line 1\ntmp = 0;
We are passing 1656 4799 1 #line 1\nbytes_read = 0;
We are passing 1656 4800 1 #line 1\ndatai = 0;
We are passing 1656 4801 1 #line 1\ndata_count = 0;
We are passing 1656 4802 1 #line 1\nformati = 0;
We are passing 1656 4803 1 #line 1\nformat_count = 0;
We are passing 1656 4804 1916 #line 1916 \"./dwarf2.c\"\nabfd = unit->abfd;
We are passing 1656 4805 1919 #line 1919\nbuf = *bufp;
We are passing 1656 4806 1923 #line 1923\ntmp = read_1_byte(abfd,\n                  buf,\n                  buf_end);
We are passing 1656 4807 1923 #line 1923\nformat_count = (bfd_byte )tmp;
We are passing 1656 4808 1924 #line 1924\nbuf ++;
We are passing 1656 4809 1925 #line 1925\nformat_header_data = buf;
We are passing 1656 4810 1926 #line 1926\nformati = (bfd_byte )0;
We are passing 1656 4828 1934 while_break: \n#line 1934\ndata_count = _bfd_safe_read_leb128(abfd,\n                                   buf,\n                                   & bytes_read,\n                                   0,\n                                   (bfd_byte const   *)buf_end);
We are passing 1656 4829 1935 #line 1935\nbuf += bytes_read;
We are passing 1656 4830 1936 #line 1936\ndatai = (bfd_vma )0;
We are passing 1656 4961 2027 while_break___0: \n#line 2027\n*bufp = buf;
We are passing 1693 5028 2047 #line 2047\n__inserted_bool = ! tmp;
We are passing 1693 5035 2054 #line 2054\n__inserted_bool = (unsigned long )table == (unsigned long )((void *)0);
We are passing 1693 5050 2072 #line 2072\ntmp___1 = dgettext((char const   *)\"bfd\",\n                   (char const   *)\"Dwarf Error: Line info section is too small (%Ld)\");
We are passing 1693 5051 2072 #line 2072\n_bfd_error_handler((char const   *)tmp___1,\n                   stash->dwarf_line_size);
We are passing 1693 5052 2075 #line 2075\nbfd_set_error((bfd_error_type )17);
We are passing 1693 5048 2070 #line 2070\n__inserted_bool = stash->dwarf_line_size < 16UL;
We are passing 1693 5063 2087 #line 2087\nlh.total_length = read_8_bytes(abfd,\n                               line_ptr,\n                               line_end);
We are passing 1693 5064 2088 #line 2088\nline_ptr += 8;
We are passing 1693 5065 2089 #line 2089\noffset_size = 8U;
We are passing 1693 5072 2094 #line 2094\ntmp___3 = read_4_bytes(abfd,\n                       line_ptr,\n                       line_end);
We are passing 1693 5073 2094 #line 2094\nlh.total_length = (bfd_vma )tmp___3;
We are passing 1693 5074 2095 #line 2095\nline_ptr += 4;
We are passing 1693 5075 2096 #line 2096\noffset_size = 8U;
We are passing 1693 5070 2091 #line 2091\n__inserted_bool = (int )unit->addr_size == 8;
We are passing 1693 5067 2091 #line 2091\n__inserted_bool = lh.total_length == 0UL;
We are passing 1693 5061 2085 #line 2085\n__inserted_bool = lh.total_length == 4294967295UL;
We are passing 1693 5079 2101 #line 2101\ntmp___4 = dgettext((char const   *)\"bfd\",\n                   (char const   *)\"Dwarf Error: Line info data is bigger (%#Lx) than the space remaining in the section (%#lx)\");
We are passing 1693 5080 2101 #line 2101\n_bfd_error_handler((char const   *)tmp___4,\n                   lh.total_length,\n                   (unsigned long )(line_end - line_ptr));
We are passing 1693 5081 2106 #line 2106\nbfd_set_error((bfd_error_type )17);
We are passing 1693 5077 2099 #line 2099\n__inserted_bool = lh.total_length > (size_t )(line_end - line_ptr);
We are passing 1693 5089 2115 #line 2115\ntmp___6 = dgettext((char const   *)\"bfd\",\n                   (char const   *)\"Dwarf Error: Unhandled .debug_line version %d.\");
We are passing 1693 5090 2115 #line 2115\n_bfd_error_handler((char const   *)tmp___6,\n                   (int )lh.version);
We are passing 1693 5091 2117 #line 2117\nbfd_set_error((bfd_error_type )17);
We are passing 1693 5096 2115 #line 2115\ntmp___6 = dgettext((char const   *)\"bfd\",\n                   (char const   *)\"Dwarf Error: Unhandled .debug_line version %d.\");
We are passing 1693 5097 2115 #line 2115\n_bfd_error_handler((char const   *)tmp___6,\n                   (int )lh.version);
We are passing 1693 5098 2117 #line 2117\nbfd_set_error((bfd_error_type )17);
We are passing 1693 5094 2113 #line 2113\n__inserted_bool = (int )lh.version > 5;
We are passing 1693 5087 2113 #line 2113\n__inserted_bool = (int )lh.version < 2;
We are passing 1693 5104 2122 #line 2122\ntmp___9 = 8;
We are passing 1693 5108 2122 #line 2122\ntmp___8 = 6;
We are passing 1693 5109 2122 #line 2122\ntmp___8 = 5;
We are passing 1693 5106 2122 #line 2122\n__inserted_bool = (int )lh.version >= 4;
We are passing 1693 5110 2122 #line 2122\ntmp___9 = tmp___8;
We are passing 1693 5102 2122 #line 2122\n__inserted_bool = (int )lh.version >= 5;
We are passing 1693 5114 2125 #line 2125\ntmp___7 = dgettext((char const   *)\"bfd\",\n                   (char const   *)\"Dwarf Error: Ran out of room reading prologue\");
We are passing 1693 5115 2125 #line 2125\n_bfd_error_handler((char const   *)tmp___7);
We are passing 1693 5116 2127 #line 2127\nbfd_set_error((bfd_error_type )17);
We are passing 1693 5112 2122 #line 2122\n__inserted_bool = (unsigned long )((line_ptr + offset_size) + tmp___9) >= (unsigned long )line_end;
We are passing 1693 5128 2143 #line 2143\ntmp___10 = dgettext((char const   *)\"bfd\",\n                    (char const   *)\"Dwarf Error: Line info unsupported segment selector size %u.\");
We are passing 1693 5129 2143 #line 2143\n_bfd_error_handler((char const   *)tmp___10,\n                   segment_selector_size);
We are passing 1693 5130 2146 #line 2146\nbfd_set_error((bfd_error_type )17);
We are passing 1693 5126 2141 #line 2141\n__inserted_bool = segment_selector_size != 0U;
We are passing 1693 5121 2136 #line 2136\nread_1_byte(abfd,\n            line_ptr,\n            line_end);
We are passing 1693 5122 2137 #line 2137\nline_ptr ++;
We are passing 1693 5123 2139 #line 2139\nsegment_selector_size = read_1_byte(abfd,\n                                    line_ptr,\n                                    line_end);
We are passing 1693 5124 2140 #line 2140\nline_ptr ++;
We are passing 1693 5119 2131 #line 2131\n__inserted_bool = (int )lh.version >= 5;
We are passing 1693 5135 2152 #line 2152\ntmp___11 = read_4_bytes(abfd,\n                        line_ptr,\n                        line_end);
We are passing 1693 5136 2152 #line 2152\nlh.prologue_length = (bfd_vma )tmp___11;
We are passing 1693 5137 2154 #line 2154\nlh.prologue_length = read_8_bytes(abfd,\n                                  line_ptr,\n                                  line_end);
We are passing 1693 5133 2151 #line 2151\n__inserted_bool = offset_size == 4U;
We are passing 1693 5145 2162 #line 2162\ntmp___13 = read_1_byte(abfd,\n                       line_ptr,\n                       line_end);
We are passing 1693 5146 2162 #line 2162\nlh.maximum_ops_per_insn = (unsigned char )tmp___13;
We are passing 1693 5147 2163 #line 2163\nline_ptr ++;
We are passing 1693 5148 2166 #line 2166\nlh.maximum_ops_per_insn = (unsigned char)1;
We are passing 1693 5143 2160 #line 2160\n__inserted_bool = (int )lh.version >= 4;
We are passing 1693 5152 2170 #line 2170\ntmp___14 = dgettext((char const   *)\"bfd\",\n                    (char const   *)\"Dwarf Error: Invalid maximum operations per instruction.\");
We are passing 1693 5153 2170 #line 2170\n_bfd_error_handler((char const   *)tmp___14);
We are passing 1693 5154 2172 #line 2172\nbfd_set_error((bfd_error_type )17);
We are passing 1693 5150 2168 #line 2168\n__inserted_bool = (int )lh.maximum_ops_per_insn == 0;
We are passing 1693 5170 2190 #line 2190\ntmp___18 = dgettext((char const   *)\"bfd\",\n                    (char const   *)\"Dwarf Error: Ran out of room reading opcodes\");
We are passing 1693 5171 2190 #line 2190\n_bfd_error_handler((char const   *)tmp___18);
We are passing 1693 5172 2191 #line 2191\nbfd_set_error((bfd_error_type )17);
We are passing 1693 5168 2188 #line 2188\n__inserted_bool = (unsigned long )(line_ptr + ((int )lh.opcode_base - 1)) >= (unsigned long )line_end;
We are passing 1693 5186 2200 #line 2200\n__inserted_bool = ! (i < (unsigned int )lh.opcode_base);
We are passing 1693 5189 2202 #line 2202\ntmp___20 = read_1_byte(abfd,\n                       line_ptr,\n                       line_end);
We are passing 1693 5190 2202 #line 2202\n*(lh.standard_opcode_lengths + i) = (unsigned char )tmp___20;
We are passing 1693 5191 2203 #line 2203\nline_ptr ++;
We are passing 1693 5192 2200 #line 2200\ni ++;
We are passing 1693 5201 2209 #line 2209\n__inserted_bool = ! tmp___21;
We are passing 1693 5206 2214 #line 2214\n__inserted_bool = ! tmp___22;
We are passing 1693 5199 2209 #line 2209\ntmp___21 = read_formatted_entries(unit,\n                                  & line_ptr,\n                                  line_end,\n                                  table,\n                                  & line_info_add_include_dir_stub);
We are passing 1693 5204 2214 #line 2214\ntmp___22 = read_formatted_entries(unit,\n                                  & line_ptr,\n                                  line_end,\n                                  table,\n                                  & line_info_add_file_name);
We are passing 1693 5216 2221 #line 2221\n__inserted_bool = ! ((unsigned long )cur_dir != (unsigned long )((void *)0));
We are passing 1693 5222 2225 #line 2225\n__inserted_bool = ! tmp___23;
We are passing 1693 5214 2221 #line 2221\ncur_dir = read_string(abfd,\n                      line_ptr,\n                      line_end,\n                      & bytes_read);
We are passing 1693 5219 2223 #line 2223\nline_ptr += bytes_read;
We are passing 1693 5220 2225 #line 2225\ntmp___23 = line_info_add_include_dir(table,\n                                     cur_dir);
We are passing 1693 5235 2232 #line 2232\n__inserted_bool = ! ((unsigned long )cur_file != (unsigned long )((void *)0));
We are passing 1693 5250 2245 #line 2245\n__inserted_bool = ! tmp___27;
We are passing 1693 5233 2232 #line 2232\ncur_file = read_string(abfd,\n                       line_ptr,\n                       line_end,\n                       & bytes_read);
We are passing 1693 5238 2236 #line 2236\nline_ptr += bytes_read;
We are passing 1693 5239 2238 #line 2238\ntmp___24 = _bfd_safe_read_leb128(abfd,\n                                 line_ptr,\n                                 & bytes_read,\n                                 0,\n                                 (bfd_byte const   *)line_end);
We are passing 1693 5240 2238 #line 2238\ndir = (unsigned int )tmp___24;
We are passing 1693 5241 2239 #line 2239\nline_ptr += bytes_read;
We are passing 1693 5242 2240 #line 2240\ntmp___25 = _bfd_safe_read_leb128(abfd,\n                                 line_ptr,\n                                 & bytes_read,\n                                 0,\n                                 (bfd_byte const   *)line_end);
We are passing 1693 5243 2240 #line 2240\nxtime = (unsigned int )tmp___25;
We are passing 1693 5244 2241 #line 2241\nline_ptr += bytes_read;
We are passing 1693 5245 2242 #line 2242\ntmp___26 = _bfd_safe_read_leb128(abfd,\n                                 line_ptr,\n                                 & bytes_read,\n                                 0,\n                                 (bfd_byte const   *)line_end);
We are passing 1693 5246 2242 #line 2242\nsize = (unsigned int )tmp___26;
We are passing 1693 5247 2243 #line 2243\nline_ptr += bytes_read;
We are passing 1693 5248 2245 #line 2245\ntmp___27 = line_info_add_file_name(table,\n                                   cur_file,\n                                   dir,\n                                   xtime,\n                                   size);
We are passing 1693 5227 2229 while_break___0: \n#line 2229\nline_ptr += bytes_read;
We are passing 1693 5255 2249 while_break___1: \n#line 2249\nline_ptr += bytes_read;
We are passing 1693 5197 2206 #line 2206\n__inserted_bool = (int )lh.version >= 5;
We are passing 1693 5263 2253 #line 2253\n__inserted_bool = ! ((unsigned long )line_ptr < (unsigned long )line_end);
We are passing 1693 5269 2258 #line 2258\ntmp___28 = concat_filename(table,\n                           1U);
We are passing 1693 5270 2258 #line 2258\ntmp___29 = tmp___28;
We are passing 1693 5271 2258 #line 2258\ntmp___29 = (char *)((void *)0);
We are passing 1693 5287 2273 #line 2273\n__inserted_bool = ! (! end_sequence);
We are passing 1693 5298 2282 #line 2282\n__inserted_bool = (int )lh.line_range == 0;
We are passing 1693 5304 2285 #line 2285\naddress += (bfd_vma )(((int )adj_opcode / (int )lh.line_range) * (int )lh.minimum_instruction_length);
We are passing 1693 5305 2289 #line 2289\naddress += (bfd_vma )((((int )op_index + (int )adj_opcode / (int )lh.line_range) / (int )lh.maximum_ops_per_insn) * (int )lh.minimum_instruction_length);
We are passing 1693 5306 2292 #line 2292\nop_index = (unsigned char )(((int )op_index + (int )adj_opcode / (int )lh.line_range) % (int )lh.maximum_ops_per_insn);
We are passing 1693 5302 2284 #line 2284\n__inserted_bool = (int )lh.maximum_ops_per_insn == 1;
We are passing 1693 5310 2297 #line 2297\n__inserted_bool = ! tmp___31;
We are passing 1693 5317 2302 #line 2302\nlow_pc = address;
We are passing 1693 5315 2301 #line 2301\n__inserted_bool = address < low_pc;
We are passing 1693 5321 2304 #line 2304\nhigh_pc = address;
We are passing 1693 5319 2303 #line 2303\n__inserted_bool = address > high_pc;
We are passing 1693 5296 2281 #line 2281\nadj_opcode = (unsigned char )((int )op_code - (int )lh.opcode_base);
We are passing 1693 5307 2295 #line 2295\nline += (unsigned int )(lh.line_base + (int )adj_opcode % (int )lh.line_range);
We are passing 1693 5308 2297 #line 2297\ntmp___31 = add_line_info(table,\n                         address,\n                         op_index,\n                         filename,\n                         line,\n                         column,\n                         discriminator,\n                         0);
We are passing 1693 5313 2300 #line 2300\ndiscriminator = 0U;
We are passing 1693 5323 2308 #line 2308\n__inserted_bool = (int )op_code == 0;
We are passing 1693 5327 2383 #line 2383\n__inserted_bool = (int )op_code == 1;
We are passing 1693 5331 2393 #line 2393\n__inserted_bool = (int )op_code == 2;
We are passing 1693 5335 2410 #line 2410\n__inserted_bool = (int )op_code == 3;
We are passing 1693 5339 2415 #line 2415\n__inserted_bool = (int )op_code == 4;
We are passing 1693 5343 2429 #line 2429\n__inserted_bool = (int )op_code == 5;
We are passing 1693 5347 2434 #line 2434\n__inserted_bool = (int )op_code == 6;
We are passing 1693 5351 2437 #line 2437\n__inserted_bool = (int )op_code == 7;
We are passing 1693 5355 2439 #line 2439\n__inserted_bool = (int )op_code == 8;
We are passing 1693 5359 2452 #line 2452\n__inserted_bool = (int )op_code == 9;
We are passing 1693 5370 2317 #line 2317\n__inserted_bool = (int )extended_op == 1;
We are passing 1693 5374 2330 #line 2330\n__inserted_bool = (int )extended_op == 2;
We are passing 1693 5378 2335 #line 2335\n__inserted_bool = (int )extended_op == 3;
We are passing 1693 5382 2364 #line 2364\n__inserted_bool = (int )extended_op == 4;
We are passing 1693 5386 2370 #line 2370\n__inserted_bool = (int )extended_op == 128;
We are passing 1693 5393 2319 #line 2319\n__inserted_bool = ! tmp___34;
We are passing 1693 5400 2324 #line 2324\nlow_pc = address;
We are passing 1693 5398 2323 #line 2323\n__inserted_bool = address < low_pc;
We are passing 1693 5404 2326 #line 2326\nhigh_pc = address;
We are passing 1693 5402 2325 #line 2325\n__inserted_bool = address > high_pc;
We are passing 1693 5407 2327 #line 2327\n__inserted_bool = ! tmp___35;
We are passing 1693 5425 2345 #line 2345\n__inserted_bool = (unsigned long )tmp___36 == (unsigned long )((void *)0);
We are passing 1693 5420 2342 #line 2342\namt = (bfd_size_type )(table->num_files + 5U);
We are passing 1693 5421 2343 #line 2343\namt *= sizeof(struct fileinfo );
We are passing 1693 5422 2344 #line 2344\ntmp___37 = bfd_realloc((void *)table->files,\n                       amt);
We are passing 1693 5423 2344 #line 2344\ntmp___36 = (struct fileinfo *)tmp___37;
We are passing 1693 5428 2347 #line 2347\ntable->files = tmp___36;
We are passing 1693 5418 2338 #line 2338\n__inserted_bool = table->num_files % 5U == 0U;
We are passing 1693 5453 2379 #line 2379\nfree((void *)filename);
We are passing 1693 5451 2378 #line 2378\n__inserted_bool = (unsigned long )filename != (unsigned long )((void *)0);
We are passing 1693 5459 2384 #line 2384\n__inserted_bool = ! tmp___43;
We are passing 1693 5466 2389 #line 2389\nlow_pc = address;
We are passing 1693 5464 2388 #line 2388\n__inserted_bool = address < low_pc;
We are passing 1693 5470 2391 #line 2391\nhigh_pc = address;
We are passing 1693 5468 2390 #line 2390\n__inserted_bool = address > high_pc;
We are passing 1693 5475 2395 #line 2395\ntmp___44 = _bfd_safe_read_leb128(abfd,\n                                 line_ptr,\n                                 & bytes_read,\n                                 0,\n                                 (bfd_byte const   *)line_end);
We are passing 1693 5476 2395 #line 2395\naddress += (bfd_vma )lh.minimum_instruction_length * tmp___44;
We are passing 1693 5477 2401 #line 2401\ntmp___45 = _bfd_safe_read_leb128(abfd,\n                                 line_ptr,\n                                 & bytes_read,\n                                 0,\n                                 (bfd_byte const   *)line_end);
We are passing 1693 5478 2401 #line 2401\nadjust = tmp___45;
We are passing 1693 5479 2404 #line 2404\naddress = (((bfd_vma )op_index + adjust) / (bfd_vma )lh.maximum_ops_per_insn) * (bfd_vma )lh.minimum_instruction_length;
We are passing 1693 5480 2406 #line 2406\nop_index = (unsigned char )(((bfd_vma )op_index + adjust) % (unsigned long )lh.maximum_ops_per_insn);
We are passing 1693 5473 2394 #line 2394\n__inserted_bool = (int )lh.maximum_ops_per_insn == 1;
We are passing 1693 5491 2425 #line 2425\nfree((void *)filename);
We are passing 1693 5504 2441 #line 2441\naddress += (bfd_vma )((int )lh.minimum_instruction_length * ((255 - (int )lh.opcode_base) / (int )lh.line_range));
We are passing 1693 5505 2445 #line 2445\nadjust___0 = (bfd_vma )((255 - (int )lh.opcode_base) / (int )lh.line_range);
We are passing 1693 5506 2446 #line 2446\naddress += (bfd_vma )lh.minimum_instruction_length * (((bfd_vma )op_index + adjust___0) / (bfd_vma )lh.maximum_ops_per_insn);
We are passing 1693 5507 2449 #line 2449\nop_index = (unsigned char )(((bfd_vma )op_index + adjust___0) % (unsigned long )lh.maximum_ops_per_insn);
We are passing 1693 5502 2440 #line 2440\n__inserted_bool = (int )lh.maximum_ops_per_insn == 1;
We are passing 1693 5522 2459 #line 2459\n__inserted_bool = ! (i < (unsigned int )*(lh.standard_opcode_lengths + (int )op_code));
We are passing 1693 5525 2461 #line 2461\n_bfd_safe_read_leb128(abfd,\n                      line_ptr,\n                      & bytes_read,\n                      0,\n                      (bfd_byte const   *)line_end);
We are passing 1693 5526 2463 #line 2463\nline_ptr += bytes_read;
We are passing 1693 5527 2459 #line 2459\ni ++;
We are passing 1693 5363 2309 case_0: \n#line 2309\ntmp___32 = _bfd_safe_read_leb128(abfd,\n                                 line_ptr,\n                                 & bytes_read,\n                                 0,\n                                 (bfd_byte const   *)line_end);
We are passing 1693 5364 2309 #line 2309\nexop_len = (unsigned int )tmp___32;
We are passing 1693 5365 2311 #line 2311\nline_ptr += bytes_read;
We are passing 1693 5366 2312 #line 2312\ntmp___33 = read_1_byte(abfd,\n                       line_ptr,\n                       line_end);
We are passing 1693 5367 2312 #line 2312\nextended_op = (unsigned char )tmp___33;
We are passing 1693 5368 2313 #line 2313\nline_ptr ++;
We are passing 1693 5390 2318 case_1: \n#line 2318\nend_sequence = 1;
We are passing 1693 5391 2319 #line 2319\ntmp___34 = add_line_info(table,\n                         address,\n                         op_index,\n                         filename,\n                         line,\n                         column,\n                         discriminator,\n                         end_sequence);
We are passing 1693 5396 2322 #line 2322\ndiscriminator = 0U;
We are passing 1693 5405 2327 #line 2327\ntmp___35 = arange_add((struct comp_unit  const  *)unit,\n                      & unit->arange,\n                      low_pc,\n                      high_pc);
We are passing 1693 5411 2331 case_2: \n#line 2331\naddress = read_address(unit,\n                       line_ptr,\n                       line_end);
We are passing 1693 5412 2332 #line 2332\nop_index = (unsigned char)0;
We are passing 1693 5413 2333 #line 2333\nline_ptr += (int )unit->addr_size;
We are passing 1693 5415 2336 case_3: \n#line 2336\ncur_file = read_string(abfd,\n                       line_ptr,\n                       line_end,\n                       & bytes_read);
We are passing 1693 5416 2337 #line 2337\nline_ptr += bytes_read;
We are passing 1693 5429 2349 #line 2349\n(table->files + table->num_files)->name = cur_file;
We are passing 1693 5430 2350 #line 2350\ntmp___38 = _bfd_safe_read_leb128(abfd,\n                                 line_ptr,\n                                 & bytes_read,\n                                 0,\n                                 (bfd_byte const   *)line_end);
We are passing 1693 5431 2350 #line 2350\n(table->files + table->num_files)->dir = (unsigned int )tmp___38;
We are passing 1693 5432 2353 #line 2353\nline_ptr += bytes_read;
We are passing 1693 5433 2354 #line 2354\ntmp___39 = _bfd_safe_read_leb128(abfd,\n                                 line_ptr,\n                                 & bytes_read,\n                                 0,\n                                 (bfd_byte const   *)line_end);
We are passing 1693 5434 2354 #line 2354\n(table->files + table->num_files)->time = (unsigned int )tmp___39;
We are passing 1693 5435 2357 #line 2357\nline_ptr += bytes_read;
We are passing 1693 5436 2358 #line 2358\ntmp___40 = _bfd_safe_read_leb128(abfd,\n                                 line_ptr,\n                                 & bytes_read,\n                                 0,\n                                 (bfd_byte const   *)line_end);
We are passing 1693 5437 2358 #line 2358\n(table->files + table->num_files)->size = (unsigned int )tmp___40;
We are passing 1693 5438 2361 #line 2361\nline_ptr += bytes_read;
We are passing 1693 5439 2362 #line 2362\n(table->num_files) ++;
We are passing 1693 5441 2365 case_4: \n#line 2365\ntmp___41 = _bfd_safe_read_leb128(abfd,\n                                 line_ptr,\n                                 & bytes_read,\n                                 0,\n                                 (bfd_byte const   *)line_end);
We are passing 1693 5442 2365 #line 2365\ndiscriminator = (unsigned int )tmp___41;
We are passing 1693 5443 2368 #line 2368\nline_ptr += bytes_read;
We are passing 1693 5445 2371 case_128: \n#line 2371\nline_ptr += exop_len - 1U;
We are passing 1693 5447 2374 switch_default: \n#line 2374\ntmp___42 = dgettext((char const   *)\"bfd\",\n                    (char const   *)\"Dwarf Error: mangled line number section.\");
We are passing 1693 5448 2374 #line 2374\n_bfd_error_handler((char const   *)tmp___42);
We are passing 1693 5449 2376 #line 2376\nbfd_set_error((bfd_error_type )17);
We are passing 1693 5457 2384 case_1___0: \n#line 2384\ntmp___43 = add_line_info(table,\n                         address,\n                         op_index,\n                         filename,\n                         line,\n                         column,\n                         discriminator,\n                         0);
We are passing 1693 5462 2387 #line 2387\ndiscriminator = 0U;
We are passing 1693 5481 2408 #line 2408\nline_ptr += bytes_read;
We are passing 1693 5483 2411 case_3___0: \n#line 2411\ntmp___46 = _bfd_safe_read_leb128(abfd,\n                                 line_ptr,\n                                 & bytes_read,\n                                 1,\n                                 (bfd_byte const   *)line_end);
We are passing 1693 5484 2411 #line 2411\nline = (unsigned int )((bfd_vma )line + tmp___46);
We are passing 1693 5485 2413 #line 2413\nline_ptr += bytes_read;
We are passing 1693 5487 2421 case_4___0: \n#line 2421\ntmp___47 = _bfd_safe_read_leb128(abfd,\n                                 line_ptr,\n                                 & bytes_read,\n                                 0,\n                                 (bfd_byte const   *)line_end);
We are passing 1693 5488 2421 #line 2421\nfile = (unsigned int )tmp___47;
We are passing 1693 5489 2423 #line 2423\nline_ptr += bytes_read;
We are passing 1693 5492 2426 #line 2426\nfilename = concat_filename(table,\n                           file);
We are passing 1693 5494 2430 case_5: \n#line 2430\ntmp___48 = _bfd_safe_read_leb128(abfd,\n                                 line_ptr,\n                                 & bytes_read,\n                                 0,\n                                 (bfd_byte const   *)line_end);
We are passing 1693 5495 2430 #line 2430\ncolumn = (unsigned int )tmp___48;
We are passing 1693 5496 2432 #line 2432\nline_ptr += bytes_read;
We are passing 1693 5498 2435 case_6: \n#line 2435\nis_stmt = ! is_stmt;
We are passing 1693 5509 2453 case_9: \n#line 2453\ntmp___49 = read_2_bytes(abfd,\n                        line_ptr,\n                        line_end);
We are passing 1693 5510 2453 #line 2453\naddress += (bfd_vma )tmp___49;
We are passing 1693 5511 2454 #line 2454\nop_index = (unsigned char)0;
We are passing 1693 5512 2455 #line 2455\nline_ptr += 2;
We are passing 1693 5514 2459 switch_default___0: \n#line 2459\ni = 0U;
We are passing 1693 5294 2278 #line 2278\n__inserted_bool = (int )op_code >= (int )lh.opcode_base;
We are passing 1693 5290 2275 #line 2275\ntmp___30 = read_1_byte(abfd,\n                       line_ptr,\n                       line_end);
We are passing 1693 5291 2275 #line 2275\nop_code = (unsigned char )tmp___30;
We are passing 1693 5292 2276 #line 2276\nline_ptr ++;
We are passing 1693 5537 2470 #line 2470\nfree((void *)filename);
We are passing 1693 5266 2256 #line 2256\naddress = (bfd_vma )0;
We are passing 1693 5267 2257 #line 2257\nop_index = (unsigned char)0;
We are passing 1693 5272 2258 #line 2258\nfilename = tmp___29;
We are passing 1693 5273 2259 #line 2259\nline = 1U;
We are passing 1693 5274 2260 #line 2260\ncolumn = 0U;
We are passing 1693 5275 2261 #line 2261\ndiscriminator = 0U;
We are passing 1693 5276 2262 #line 2262\nis_stmt = (int )lh.default_is_stmt;
We are passing 1693 5277 2263 #line 2263\nend_sequence = 0;
We are passing 1693 5278 2269 #line 2269\nlow_pc = (bfd_vma )-1;
We are passing 1693 5279 2270 #line 2270\nhigh_pc = (bfd_vma )0;
We are passing 1693 5546 2478 #line 2478\nfree((void *)table->sequences);
We are passing 1693 5544 2477 #line 2477\n__inserted_bool = (unsigned long )table->sequences != (unsigned long )((void *)0);
We are passing 1693 5550 2480 #line 2480\nfree((void *)table->files);
We are passing 1693 5548 2479 #line 2479\n__inserted_bool = (unsigned long )table->files != (unsigned long )((void *)0);
We are passing 1693 5554 2482 #line 2482\nfree((void *)table->dirs);
We are passing 1693 5552 2481 #line 2481\n__inserted_bool = (unsigned long )table->dirs != (unsigned long )((void *)0);
We are passing 1693 4963 1 #line 1 \"<compiler builtins>\"\ntmp___50 = 0;
We are passing 1693 4964 1 #line 1\ntmp___49 = 0;
We are passing 1693 4965 1 #line 1\nadjust___0 = 0;
We are passing 1693 4966 1 #line 1\ntmp___48 = 0;
We are passing 1693 4967 1 #line 1\ntmp___47 = 0;
We are passing 1693 4968 1 #line 1\nfile = 0;
We are passing 1693 4969 1 #line 1\ntmp___46 = 0;
We are passing 1693 4970 1 #line 1\ntmp___45 = 0;
We are passing 1693 4971 1 #line 1\nadjust = 0;
We are passing 1693 4972 1 #line 1\ntmp___44 = 0;
We are passing 1693 4973 1 #line 1\ntmp___43 = 0;
We are passing 1693 4974 1 #line 1\ntmp___41 = 0;
We are passing 1693 4975 1 #line 1\ntmp___40 = 0;
We are passing 1693 4976 1 #line 1\ntmp___39 = 0;
We are passing 1693 4977 1 #line 1\ntmp___38 = 0;
We are passing 1693 4978 1 #line 1\ntmp___35 = 0;
We are passing 1693 4979 1 #line 1\ntmp___34 = 0;
We are passing 1693 4980 1 #line 1\ntmp___33 = 0;
We are passing 1693 4981 1 #line 1\ntmp___32 = 0;
We are passing 1693 4982 1 #line 1\ntmp___31 = 0;
We are passing 1693 4983 1 #line 1\ntmp___30 = 0;
We are passing 1693 4984 1 #line 1\nhigh_pc = 0;
We are passing 1693 4985 1 #line 1\nlow_pc = 0;
We are passing 1693 4986 1 #line 1\nend_sequence = 0;
We are passing 1693 4987 1 #line 1\nis_stmt = 0;
We are passing 1693 4988 1 #line 1\ndiscriminator = 0;
We are passing 1693 4989 1 #line 1\ncolumn = 0;
We are passing 1693 4990 1 #line 1\nline = 0;
We are passing 1693 4991 1 #line 1\nop_index = 0;
We are passing 1693 4992 1 #line 1\naddress = 0;
We are passing 1693 4993 1 #line 1\ntmp___27 = 0;
We are passing 1693 4994 1 #line 1\ntmp___26 = 0;
We are passing 1693 4995 1 #line 1\ntmp___25 = 0;
We are passing 1693 4996 1 #line 1\ntmp___24 = 0;
We are passing 1693 4997 1 #line 1\nsize = 0;
We are passing 1693 4998 1 #line 1\nxtime = 0;
We are passing 1693 4999 1 #line 1\ndir = 0;
We are passing 1693 5000 1 #line 1\ntmp___23 = 0;
We are passing 1693 5001 1 #line 1\ntmp___22 = 0;
We are passing 1693 5002 1 #line 1\ntmp___21 = 0;
We are passing 1693 5003 1 #line 1\ntmp___20 = 0;
We are passing 1693 5004 1 #line 1\ntmp___17 = 0;
We are passing 1693 5005 1 #line 1\ntmp___16 = 0;
We are passing 1693 5006 1 #line 1\ntmp___15 = 0;
We are passing 1693 5007 1 #line 1\ntmp___13 = 0;
We are passing 1693 5008 1 #line 1\ntmp___12 = 0;
We are passing 1693 5009 1 #line 1\ntmp___11 = 0;
We are passing 1693 5010 1 #line 1\nsegment_selector_size = 0;
We are passing 1693 5011 1 #line 1\ntmp___9 = 0;
We are passing 1693 5012 1 #line 1\ntmp___8 = 0;
We are passing 1693 5013 1 #line 1\ntmp___5 = 0;
We are passing 1693 5014 1 #line 1\ntmp___3 = 0;
We are passing 1693 5015 1 #line 1\ntmp___2 = 0;
We are passing 1693 5016 1 #line 1\ntmp = 0;
We are passing 1693 5017 1 #line 1\namt = 0;
We are passing 1693 5018 1 #line 1\nexop_len = 0;
We are passing 1693 5019 1 #line 1\nadj_opcode = 0;
We are passing 1693 5020 1 #line 1\nextended_op = 0;
We are passing 1693 5021 1 #line 1\nop_code = 0;
We are passing 1693 5022 1 #line 1\noffset_size = 0;
We are passing 1693 5023 1 #line 1\nbytes_read = 0;
We are passing 1693 5024 1 #line 1\ni = 0;
We are passing 1693 5025 2036 #line 2036 \"./dwarf2.c\"\nabfd = unit->abfd;
We are passing 1693 5026 2047 #line 2047\ntmp = read_section(abfd,\n                   stash->debug_sections + 5,\n                   stash->syms,\n                   unit->line_offset,\n                   & stash->dwarf_line_buffer,\n                   & stash->dwarf_line_size);
We are passing 1693 5031 2052 #line 2052\namt = sizeof(struct line_info_table );
We are passing 1693 5032 2053 #line 2053\ntmp___0 = bfd_alloc(abfd,\n                    amt);
We are passing 1693 5033 2053 #line 2053\ntable = (struct line_info_table *)tmp___0;
We are passing 1693 5038 2056 #line 2056\ntable->abfd = abfd;
We are passing 1693 5039 2057 #line 2057\ntable->comp_dir = unit->comp_dir;
We are passing 1693 5040 2059 #line 2059\ntable->num_files = 0U;
We are passing 1693 5041 2060 #line 2060\ntable->files = (struct fileinfo *)((void *)0);
We are passing 1693 5042 2062 #line 2062\ntable->num_dirs = 0U;
We are passing 1693 5043 2063 #line 2063\ntable->dirs = (char **)((void *)0);
We are passing 1693 5044 2065 #line 2065\ntable->num_sequences = 0U;
We are passing 1693 5045 2066 #line 2066\ntable->sequences = (struct line_sequence *)((void *)0);
We are passing 1693 5046 2068 #line 2068\ntable->lcl_head = (struct line_info *)((void *)0);
We are passing 1693 5054 2078 #line 2078\nline_ptr = stash->dwarf_line_buffer + unit->line_offset;
We are passing 1693 5055 2079 #line 2079\nline_end = stash->dwarf_line_buffer + stash->dwarf_line_size;
We are passing 1693 5056 2082 #line 2082\ntmp___2 = read_4_bytes(abfd,\n                       line_ptr,\n                       line_end);
We are passing 1693 5057 2082 #line 2082\nlh.total_length = (bfd_vma )tmp___2;
We are passing 1693 5058 2083 #line 2083\nline_ptr += 4;
We are passing 1693 5059 2084 #line 2084\noffset_size = 4U;
We are passing 1693 5083 2110 #line 2110\nline_end = line_ptr + lh.total_length;
We are passing 1693 5084 2112 #line 2112\ntmp___5 = read_2_bytes(abfd,\n                       line_ptr,\n                       line_end);
We are passing 1693 5085 2112 #line 2112\nlh.version = (unsigned short )tmp___5;
We are passing 1693 5100 2120 #line 2120\nline_ptr += 2;
We are passing 1693 5138 2155 #line 2155\nline_ptr += offset_size;
We are passing 1693 5139 2157 #line 2157\ntmp___12 = read_1_byte(abfd,\n                       line_ptr,\n                       line_end);
We are passing 1693 5140 2157 #line 2157\nlh.minimum_instruction_length = (unsigned char )tmp___12;
We are passing 1693 5141 2158 #line 2158\nline_ptr ++;
We are passing 1693 5156 2176 #line 2176\ntmp___15 = read_1_byte(abfd,\n                       line_ptr,\n                       line_end);
We are passing 1693 5157 2176 #line 2176\nlh.default_is_stmt = (unsigned char )tmp___15;
We are passing 1693 5158 2177 #line 2177\nline_ptr ++;
We are passing 1693 5159 2179 #line 2179\nlh.line_base = read_1_signed_byte(abfd,\n                                  line_ptr,\n                                  line_end);
We are passing 1693 5160 2180 #line 2180\nline_ptr ++;
We are passing 1693 5161 2182 #line 2182\ntmp___16 = read_1_byte(abfd,\n                       line_ptr,\n                       line_end);
We are passing 1693 5162 2182 #line 2182\nlh.line_range = (unsigned char )tmp___16;
We are passing 1693 5163 2183 #line 2183\nline_ptr ++;
We are passing 1693 5164 2185 #line 2185\ntmp___17 = read_1_byte(abfd,\n                       line_ptr,\n                       line_end);
We are passing 1693 5165 2185 #line 2185\nlh.opcode_base = (unsigned char )tmp___17;
We are passing 1693 5166 2186 #line 2186\nline_ptr ++;
We are passing 1693 5174 2195 #line 2195\namt = (unsigned long )lh.opcode_base * sizeof(unsigned char );
We are passing 1693 5175 2196 #line 2196\ntmp___19 = bfd_alloc(abfd,\n                     amt);
We are passing 1693 5176 2196 #line 2196\nlh.standard_opcode_lengths = (unsigned char *)tmp___19;
We are passing 1693 5177 2198 #line 2198\n*(lh.standard_opcode_lengths + 0) = (unsigned char)1;
We are passing 1693 5178 2200 #line 2200\ni = 1U;
We are passing 1693 5540 2473 while_break___2: \n#line 2473\ntmp___50 = sort_line_sequences(table);
We are passing 1782 5570 2506 #line 2506\n__inserted_bool = ! (low < high);
We are passing 1782 5578 2511 #line 2511\nhigh = mid;
We are passing 1782 5582 2513 #line 2513\nlow = mid + 1;
We are passing 1782 5580 2512 #line 2512\n__inserted_bool = addr >= (seq->last_line)->address;
We are passing 1782 5576 2510 #line 2510\n__inserted_bool = addr < seq->low_pc;
We are passing 1782 5573 2508 #line 2508\nmid = (low + high) / 2;
We are passing 1782 5574 2509 #line 2509\nseq = table->sequences + mid;
We are passing 1782 5596 2519 #line 2519\n__inserted_bool = addr >= (seq->last_line)->address;
We are passing 1782 5592 2519 #line 2519\n__inserted_bool = addr < seq->low_pc;
We are passing 1782 5588 2519 #line 2519\n__inserted_bool = ! seq;
We are passing 1782 5601 2522 #line 2522\n__inserted_bool = ! tmp;
We are passing 1782 5614 2529 #line 2529\n__inserted_bool = ! (low < high);
We are passing 1782 5622 2534 #line 2534\nhigh = mid;
We are passing 1782 5626 2536 #line 2536\nlow = mid + 1;
We are passing 1782 5624 2535 #line 2535\n__inserted_bool = addr >= (*(seq->line_info_lookup + (mid + 1)))->address;
We are passing 1782 5620 2533 #line 2533\n__inserted_bool = addr < info->address;
We are passing 1782 5617 2531 #line 2531\nmid = (low + high) / 2;
We are passing 1782 5618 2532 #line 2532\ninfo = *(seq->line_info_lookup + mid);
We are passing 1782 5647 2550 #line 2550\n*discriminator_ptr = info->discriminator;
We are passing 1782 5644 2547 #line 2547\n*filename_ptr = (char const   *)info->filename;
We are passing 1782 5645 2548 #line 2548\n*linenumber_ptr = info->line;
We are passing 1782 5642 2542 #line 2542\n__inserted_bool = ! ((unsigned long )info == (unsigned long )seq->last_line);
We are passing 1782 5639 2542 #line 2542\n__inserted_bool = ! info->end_sequence;
We are passing 1782 5636 2542 #line 2542\n__inserted_bool = addr < (*(seq->line_info_lookup + (mid + 1)))->address;
We are passing 1782 5633 2542 #line 2542\n__inserted_bool = addr >= info->address;
We are passing 1782 5556 1 #line 1 \"<compiler builtins>\"\ntmp = 0;
We are passing 1782 5557 1 #line 1\nmid = 0;
We are passing 1782 5558 1 #line 1\nhigh = 0;
We are passing 1782 5559 1 #line 1\nlow = 0;
We are passing 1782 5560 2499 #line 2499 \"./dwarf2.c\"\nseq = (struct line_sequence *)((void *)0);
We are passing 1782 5561 2504 #line 2504\nlow = 0;
We are passing 1782 5562 2505 #line 2505\nhigh = (int )table->num_sequences;
We are passing 1782 5599 2522 #line 2522\ntmp = build_line_info_table(table,\n                            seq);
We are passing 1782 5604 2526 #line 2526\nlow = 0;
We are passing 1782 5605 2527 #line 2527\nhigh = (int )seq->num_lines;
We are passing 1782 5606 2528 #line 2528\ninfo = (struct line_info *)((void *)0);
We are passing 1782 5649 2555 fail: \n#line 2555\n*filename_ptr = (char const   *)((void *)0);
We are passing 1799 5651 1 #line 1 \"<compiler builtins>\"\ntmp = 0;
We are passing 1799 5652 2564 #line 2564 \"./dwarf2.c\"\nstash = unit->stash;
We are passing 1799 5653 2566 #line 2566\ntmp = read_section(unit->abfd,\n                   stash->debug_sections + 11,\n                   stash->syms,\n                   (bfd_uint64_t )0,\n                   & stash->dwarf_ranges_buffer,\n                   & stash->dwarf_ranges_size);
We are passing 1804 5658 2580 #line 2580\n__inserted_bool = lookup1->low_addr < lookup2->low_addr;
We are passing 1804 5662 2582 #line 2582\n__inserted_bool = lookup1->low_addr > lookup2->low_addr;
We are passing 1804 5666 2584 #line 2584\n__inserted_bool = lookup1->high_addr < lookup2->high_addr;
We are passing 1804 5670 2586 #line 2586\n__inserted_bool = lookup1->high_addr > lookup2->high_addr;
We are passing 1804 5655 2577 #line 2577\nlookup1 = (struct lookup_funcinfo  const  *)a;
We are passing 1804 5656 2578 #line 2578\nlookup2 = (struct lookup_funcinfo  const  *)b;
We are passing 1811 5683 2603 #line 2603\n__inserted_bool = number_of_functions == 0U;
We are passing 1811 5689 2609 #line 2609\n__inserted_bool = (unsigned long )lookup_funcinfo_table == (unsigned long )((void *)0);
We are passing 1811 5701 2614 #line 2614\n__inserted_bool = ! each;
We are passing 1811 5717 2623 #line 2623\n__inserted_bool = ! range;
We are passing 1811 5723 2626 #line 2626\nlow_addr = range->low;
We are passing 1811 5721 2625 #line 2625\n__inserted_bool = range->low < low_addr;
We are passing 1811 5727 2628 #line 2628\nhigh_addr = range->high;
We are passing 1811 5725 2627 #line 2627\n__inserted_bool = range->high > high_addr;
We are passing 1811 5728 2623 #line 2623\nrange = range->next;
We are passing 1811 5704 2616 #line 2616\nfunc_index --;
We are passing 1811 5705 2616 #line 2616\nentry = lookup_funcinfo_table + func_index;
We are passing 1811 5706 2617 #line 2617\nentry->funcinfo = each;
We are passing 1811 5707 2620 #line 2620\nlow_addr = (entry->funcinfo)->arange.low;
We are passing 1811 5708 2621 #line 2621\nhigh_addr = (entry->funcinfo)->arange.high;
We are passing 1811 5709 2623 #line 2623\nrange = (entry->funcinfo)->arange.next;
We are passing 1811 5731 2631 while_break___0: \n#line 2631\nentry->low_addr = low_addr;
We are passing 1811 5732 2632 #line 2632\nentry->high_addr = high_addr;
We are passing 1811 5733 2614 #line 2614\neach = each->prev_func;
We are passing 1811 5746 2635 #line 2635\nbfd_assert((char const   *)\"./dwarf2.c\",\n           2635);
We are passing 1811 5744 2635 #line 2635\n__inserted_bool = ! (func_index == 0UL);
We are passing 1811 5760 2645 #line 2645\n__inserted_bool = ! (func_index < (size_t )number_of_functions);
We are passing 1811 5767 2649 #line 2649\nhigh_addr = entry->high_addr;
We are passing 1811 5768 2651 #line 2651\nentry->high_addr = high_addr;
We are passing 1811 5765 2648 #line 2648\n__inserted_bool = entry->high_addr > high_addr;
We are passing 1811 5763 2647 #line 2647\nentry = lookup_funcinfo_table + func_index;
We are passing 1811 5769 2645 #line 2645\nfunc_index ++;
We are passing 1811 5674 1 #line 1 \"<compiler builtins>\"\nhigh_addr = 0;
We are passing 1811 5675 1 #line 1\nlow_addr = 0;
We are passing 1811 5676 1 #line 1\nfunc_index = 0;
We are passing 1811 5677 1 #line 1\nnumber_of_functions = 0;
We are passing 1811 5678 2595 #line 2595 \"./dwarf2.c\"\nlookup_funcinfo_table = unit->lookup_funcinfo_table;
We are passing 1811 5679 2596 #line 2596\nnumber_of_functions = (unsigned int )unit->number_of_functions;
We are passing 1811 5686 2607 #line 2607\ntmp = bfd_malloc((unsigned long )number_of_functions * sizeof(struct lookup_funcinfo ));
We are passing 1811 5687 2607 #line 2607\nlookup_funcinfo_table = (struct lookup_funcinfo *)tmp;
We are passing 1811 5692 2613 #line 2613\nfunc_index = (size_t )number_of_functions;
We are passing 1811 5693 2614 #line 2614\neach = unit->function_table;
We are passing 1811 5750 2638 while_break___1: \n#line 2638\nqsort((void *)lookup_funcinfo_table,\n      (size_t )number_of_functions,\n      sizeof(struct lookup_funcinfo ),\n      & compare_lookup_funcinfos);
We are passing 1811 5751 2644 #line 2644\nhigh_addr = (lookup_funcinfo_table + 0)->high_addr;
We are passing 1811 5752 2645 #line 2645\nfunc_index = (size_t )1;
We are passing 1811 5772 2654 while_break___2: \n#line 2654\nunit->lookup_funcinfo_table = lookup_funcinfo_table;
We are passing 1823 5787 2676 #line 2676\n__inserted_bool = number_of_functions == 0U;
We are passing 1823 5792 2679 #line 2679\n__inserted_bool = ! tmp;
We are passing 1823 5796 2682 #line 2682\n__inserted_bool = (unit->lookup_funcinfo_table + (number_of_functions - 1U))->high_addr < addr;
We are passing 1823 5809 2690 #line 2690\n__inserted_bool = ! (low < high);
We are passing 1823 5817 2695 #line 2695\nhigh = mid;
We are passing 1823 5821 2697 #line 2697\nlow = mid + 1UL;
We are passing 1823 5822 2699 #line 2699\nfirst = mid;
We are passing 1823 5823 2699 #line 2699\nhigh = first;
We are passing 1823 5819 2696 #line 2696\n__inserted_bool = addr >= lookup_funcinfo->high_addr;
We are passing 1823 5815 2694 #line 2694\n__inserted_bool = addr < lookup_funcinfo->low_addr;
We are passing 1823 5812 2692 #line 2692\nmid = (low + high) / 2UL;
We are passing 1823 5813 2693 #line 2693\nlookup_funcinfo = unit->lookup_funcinfo_table + mid;
We are passing 1823 5834 2707 #line 2707\n__inserted_bool = ! (first < (bfd_size_type )number_of_functions);
We are passing 1823 5838 2709 #line 2709\n__inserted_bool = addr < (unit->lookup_funcinfo_table + first)->low_addr;
We are passing 1823 5850 2713 #line 2713\n__inserted_bool = ! arange;
We are passing 1823 5858 2715 #line 2715\n__inserted_bool = addr >= arange->high;
We are passing 1823 5854 2715 #line 2715\n__inserted_bool = addr < arange->low;
We are passing 1823 5864 2726 #line 2726\nbest_fit = funcinfo;
We are passing 1823 5865 2727 #line 2727\nbest_fit_len = arange->high - arange->low;
We are passing 1823 5869 2726 #line 2726\nbest_fit = funcinfo;
We are passing 1823 5870 2727 #line 2727\nbest_fit_len = arange->high - arange->low;
We are passing 1823 5877 2726 #line 2726\nbest_fit = funcinfo;
We are passing 1823 5878 2727 #line 2727\nbest_fit_len = arange->high - arange->low;
We are passing 1823 5875 2718 #line 2718\n__inserted_bool = (unsigned long )funcinfo > (unsigned long )best_fit;
We are passing 1823 5872 2718 #line 2718\n__inserted_bool = arange->high - arange->low == best_fit_len;
We are passing 1823 5867 2718 #line 2718\n__inserted_bool = arange->high - arange->low < best_fit_len;
We are passing 1823 5862 2718 #line 2718\n__inserted_bool = ! best_fit;
We are passing 1823 5879 2713 __Cont: \n#line 2713\narange = arange->next;
We are passing 1823 5841 2711 #line 2711\nfuncinfo = (unit->lookup_funcinfo_table + first)->funcinfo;
We are passing 1823 5842 2713 #line 2713\narange = & funcinfo->arange;
We are passing 1823 5882 2731 while_break___1: \n#line 2731\nfirst ++;
We are passing 1823 5887 2734 #line 2734\n__inserted_bool = ! best_fit;
We are passing 1823 5774 1 #line 1 \"<compiler builtins>\"\ntmp = 0;
We are passing 1823 5775 1 #line 1\nfirst = 0;
We are passing 1823 5776 1 #line 1\nmid = 0;
We are passing 1823 5777 1 #line 1\nhigh = 0;
We are passing 1823 5778 1 #line 1\nlow = 0;
We are passing 1823 5779 1 #line 1\nbest_fit_len = 0;
We are passing 1823 5780 1 #line 1\nnumber_of_functions = 0;
We are passing 1823 5781 2668 #line 2668 \"./dwarf2.c\"\nnumber_of_functions = (unsigned int )unit->number_of_functions;
We are passing 1823 5782 2669 #line 2669\nlookup_funcinfo = (struct lookup_funcinfo *)((void *)0);
We are passing 1823 5783 2670 #line 2670\nfuncinfo = (struct funcinfo *)((void *)0);
We are passing 1823 5784 2671 #line 2671\nbest_fit = (struct funcinfo *)((void *)0);
We are passing 1823 5785 2672 #line 2672\nbest_fit_len = (bfd_vma )0;
We are passing 1823 5790 2679 #line 2679\ntmp = build_lookup_funcinfo_table(unit);
We are passing 1823 5799 2687 #line 2687\nlow = (bfd_size_type )0;
We are passing 1823 5800 2688 #line 2688\nhigh = (bfd_size_type )number_of_functions;
We are passing 1823 5801 2689 #line 2689\nfirst = high;
We are passing 1823 5890 2737 #line 2737\n*function_ptr = best_fit;
We are passing 1841 5906 2758 #line 2758\n__inserted_bool = ! each_func;
We are passing 1841 5917 2762 #line 2762\n__inserted_bool = ! arange;
We are passing 1841 5941 2774 #line 2774\nbest_fit = each_func;
We are passing 1841 5942 2775 #line 2775\nbest_fit_len = arange->high - arange->low;
We are passing 1841 5946 2774 #line 2774\nbest_fit = each_func;
We are passing 1841 5947 2775 #line 2775\nbest_fit_len = arange->high - arange->low;
We are passing 1841 5944 2766 #line 2766\n__inserted_bool = arange->high - arange->low < best_fit_len;
We are passing 1841 5939 2766 #line 2766\n__inserted_bool = ! best_fit;
We are passing 1841 5936 2766 #line 2766\n__inserted_bool = tmp == 0;
We are passing 1841 5934 2766 #line 2766\ntmp = strcmp(name,\n             each_func->name);
We are passing 1841 5931 2766 #line 2766\n__inserted_bool = addr < arange->high;
We are passing 1841 5928 2766 #line 2766\n__inserted_bool = addr >= arange->low;
We are passing 1841 5925 2766 #line 2766\n__inserted_bool = (unsigned long )each_func->sec == (unsigned long )sec;
We are passing 1841 5921 2766 #line 2766\n__inserted_bool = ! each_func->sec;
We are passing 1841 5948 2762 #line 2762\narange = arange->next;
We are passing 1841 5909 2762 #line 2762\narange = & each_func->arange;
We are passing 1841 5951 2758 while_break___0: \n#line 2758\neach_func = each_func->prev_func;
We are passing 1841 5956 2782 #line 2782\nbest_fit->sec = sec;
We are passing 1841 5957 2783 #line 2783\n*filename_ptr = (char const   *)best_fit->file;
We are passing 1841 5958 2784 #line 2784\n*linenumber_ptr = (unsigned int )best_fit->line;
We are passing 1841 5892 1 #line 1 \"<compiler builtins>\"\ntmp = 0;
We are passing 1841 5893 1 #line 1\nbest_fit_len = 0;
We are passing 1841 5894 2752 #line 2752 \"./dwarf2.c\"\nbest_fit = (struct funcinfo *)((void *)0);
We are passing 1841 5895 2753 #line 2753\nbest_fit_len = (bfd_vma )0;
We are passing 1841 5896 2755 #line 2755\nname = sym->name;
We are passing 1841 5897 2756 #line 2756\nsec = sym->section;
We are passing 1841 5898 2758 #line 2758\neach_func = unit->function_table;
We are passing 1859 5972 2807 #line 2807\n__inserted_bool = ! each;
We are passing 1859 5996 2808 #line 2808\n__inserted_bool = tmp == 0;
We are passing 1859 5994 2808 _L: \n#line 2808\ntmp = strcmp(name,\n             (char const   *)each->name);
We are passing 1859 5992 2808 #line 2808\n__inserted_bool = (unsigned long )each->sec == (unsigned long )sec;
We are passing 1859 5988 2808 #line 2808\n__inserted_bool = ! each->sec;
We are passing 1859 5985 2808 #line 2808\n__inserted_bool = each->addr == addr;
We are passing 1859 5982 2808 #line 2808\n__inserted_bool = (unsigned long )each->name != (unsigned long )((void *)0);
We are passing 1859 5979 2808 #line 2808\n__inserted_bool = (unsigned long )each->file != (unsigned long )((void *)0);
We are passing 1859 5976 2808 #line 2808\n__inserted_bool = each->stack == 0U;
We are passing 1859 5999 2807 #line 2807\neach = each->prev_var;
We are passing 1859 6004 2818 #line 2818\neach->sec = sec;
We are passing 1859 6005 2819 #line 2819\n*filename_ptr = (char const   *)each->file;
We are passing 1859 6006 2820 #line 2820\n*linenumber_ptr = (unsigned int )each->line;
We are passing 1859 5961 1 #line 1 \"<compiler builtins>\"\ntmp = 0;
We are passing 1859 5962 2803 #line 2803 \"./dwarf2.c\"\nname = sym->name;
We are passing 1859 5963 2804 #line 2804\nsec = sym->section;
We are passing 1859 5964 2807 #line 2807\neach = unit->variable_table;
We are passing 1874 6026 2848 #line 2848\n_bfd_abort((char const   *)\"./dwarf2.c\",\n           2848,\n           (char const   *)\"find_abstract_instance_name\");
We are passing 1874 6024 2847 #line 2847\n__inserted_bool = ! die_ref;
We are passing 1874 6033 2854 #line 2854\n__inserted_bool = ! ((unsigned long )info_ptr < (unsigned long )unit->end_ptr);
We are passing 1874 6044 2861 #line 2861\n__inserted_bool = ! ((unsigned long )u != (unsigned long )((void *)0));
We are passing 1874 6051 2862 #line 2862\n__inserted_bool = (unsigned long )info_ptr < (unsigned long )u->end_ptr;
We are passing 1874 6048 2862 #line 2862\n__inserted_bool = (unsigned long )info_ptr >= (unsigned long )u->info_ptr_unit;
We are passing 1874 6054 2861 #line 2861\nu = u->prev_unit;
We are passing 1874 6069 2866 #line 2866\n__inserted_bool = ! ((unsigned long )u != (unsigned long )((void *)0));
We are passing 1874 6076 2867 #line 2867\n__inserted_bool = (unsigned long )info_ptr < (unsigned long )u->end_ptr;
We are passing 1874 6073 2867 #line 2867\n__inserted_bool = (unsigned long )info_ptr >= (unsigned long )u->info_ptr_unit;
We are passing 1874 6079 2866 #line 2866\nu = u->next_unit;
We are passing 1874 6061 2866 #line 2866\nu = unit->next_unit;
We are passing 1874 6059 2865 #line 2865\n__inserted_bool = (unsigned long )u == (unsigned long )((void *)0);
We are passing 1874 6084 2871 #line 2871\nunit = u;
We are passing 1874 6036 2861 _L: \n#line 2861\nu = unit->prev_unit;
We are passing 1874 6030 2854 #line 2854\n__inserted_bool = (unsigned long )info_ptr >= (unsigned long )unit->info_ptr_unit;
We are passing 1874 6027 2850 #line 2850\ninfo_ptr = unit->sec_info_ptr + die_ref;
We are passing 1874 6028 2851 #line 2851\ninfo_ptr_end = unit->end_ptr;
We are passing 1874 6092 2880 #line 2880\ntmp = dgettext((char const   *)\"bfd\",\n               (char const   *)\"Dwarf Error: Unable to read alt ref %llu.\");
We are passing 1874 6093 2880 #line 2880\n_bfd_error_handler((char const   *)tmp,\n                   (long long )die_ref);
We are passing 1874 6094 2883 #line 2883\nbfd_set_error((bfd_error_type )17);
We are passing 1874 6090 2878 #line 2878\n__inserted_bool = (unsigned long )info_ptr == (unsigned long )((void *)0);
We are passing 1874 6088 2877 #line 2877\ninfo_ptr = read_alt_indirect_ref(unit,\n                                 die_ref);
We are passing 1874 6096 2886 #line 2886\ninfo_ptr_end = (unit->stash)->alt_dwarf_info_buffer + (unit->stash)->alt_dwarf_info_size;
We are passing 1874 6097 2893 #line 2893\ninfo_ptr = unit->info_ptr_unit + die_ref;
We are passing 1874 6098 2894 #line 2894\ninfo_ptr_end = unit->end_ptr;
We are passing 1874 6086 2875 #line 2875\n__inserted_bool = (unsigned int )attr_ptr->form == 7968U;
We are passing 1874 6021 2843 #line 2843\n__inserted_bool = (unsigned int )attr_ptr->form == 16U;
We are passing 1874 6107 2906 #line 2906\ntmp___1 = dgettext((char const   *)\"bfd\",\n                   (char const   *)\"Dwarf Error: Could not find abbrev number %u.\");
We are passing 1874 6108 2906 #line 2906\n_bfd_error_handler((char const   *)tmp___1,\n                   abbrev_number);
We are passing 1874 6109 2908 #line 2908\nbfd_set_error((bfd_error_type )17);
We are passing 1874 6118 2912 #line 2912\n__inserted_bool = ! (i < abbrev->num_attrs);
We are passing 1874 6123 2916 #line 2916\n__inserted_bool = (unsigned long )info_ptr == (unsigned long )((void *)0);
We are passing 1874 6127 2920 #line 2920\n__inserted_bool = (unsigned int )attr.name == 3U;
We are passing 1874 6131 2930 #line 2930\n__inserted_bool = (unsigned int )attr.name == 71U;
We are passing 1874 6135 2934 #line 2934\n__inserted_bool = (unsigned int )attr.name == 8199U;
We are passing 1874 6139 2934 #line 2934\n__inserted_bool = (unsigned int )attr.name == 110U;
We are passing 1874 6151 2927 #line 2927\n*is_linkage = 1;
We are passing 1874 6148 2925 #line 2925\nname = attr.u.str;
We are passing 1874 6149 2926 #line 2926\ntmp___2 = non_mangled(unit->lang);
We are passing 1874 6146 2923 #line 2923\ntmp___3 = is_str_attr(attr.form);
We are passing 1874 6144 2923 #line 2923\n__inserted_bool = (unsigned long )name == (unsigned long )((void *)0);
We are passing 1874 6157 2939 #line 2939\nname = attr.u.str;
We are passing 1874 6158 2940 #line 2940\n*is_linkage = 1;
We are passing 1874 6121 2914 #line 2914\ninfo_ptr = read_attribute(& attr,\n                          abbrev->attrs + i,\n                          unit,\n                          info_ptr,\n                          info_ptr_end);
We are passing 1874 6153 2931 case_71: \n#line 2931\nname = find_abstract_instance_name(unit,\n                                   & attr,\n                                   is_linkage);
We are passing 1874 6155 2937 case_8199: \n#line 2937\ntmp___4 = is_str_attr(attr.form);
We are passing 1874 6161 2912 switch_break: \n#line 2912\ni ++;
We are passing 1874 6110 2912 #line 2912\ni = 0U;
We are passing 1874 6105 2904 #line 2904\n__inserted_bool = ! abbrev;
We are passing 1874 6103 2903 #line 2903\nabbrev = lookup_abbrev(abbrev_number,\n                       unit->abbrevs);
We are passing 1874 6009 1 #line 1 \"<compiler builtins>\"\ntmp___4 = 0;
We are passing 1874 6010 1 #line 1\ntmp___3 = 0;
We are passing 1874 6011 1 #line 1\ntmp___2 = 0;
We are passing 1874 6012 1 #line 1\ntmp___0 = 0;
We are passing 1874 6013 1 #line 1\ndie_ref = 0;
We are passing 1874 6014 1 #line 1\ni = 0;
We are passing 1874 6015 1 #line 1\nbytes_read = 0;
We are passing 1874 6016 1 #line 1\nabbrev_number = 0;
We are passing 1874 6017 2832 #line 2832 \"./dwarf2.c\"\nabfd = unit->abfd;
We are passing 1874 6018 2837 #line 2837\ndie_ref = attr_ptr->u.val;
We are passing 1874 6019 2839 #line 2839\nname = (char *)((void *)0);
We are passing 1874 6099 2897 #line 2897\ntmp___0 = _bfd_safe_read_leb128(abfd,\n                                info_ptr,\n                                & bytes_read,\n                                0,\n                                (bfd_byte const   *)info_ptr_end);
We are passing 1874 6100 2897 #line 2897\nabbrev_number = (unsigned int )tmp___0;
We are passing 1874 6101 2899 #line 2899\ninfo_ptr += bytes_read;
We are passing 1898 6177 2962 #line 2962\n__inserted_bool = ! tmp;
We are passing 1898 6175 2962 #line 2962\ntmp = read_debug_ranges(unit);
We are passing 1898 6173 2960 #line 2960\n__inserted_bool = ! (unit->stash)->dwarf_ranges_buffer;
We are passing 1898 6182 2967 #line 2967\n__inserted_bool = (unsigned long )ranges_ptr < (unsigned long )(unit->stash)->dwarf_ranges_buffer;
We are passing 1898 6193 2977 #line 2977\n__inserted_bool = (unsigned long )(ranges_ptr + 2 * (int )unit->addr_size) > (unsigned long )ranges_end;
We are passing 1898 6204 2985 #line 2985\n__inserted_bool = high_pc == 0UL;
We are passing 1898 6201 2985 #line 2985\n__inserted_bool = low_pc == 0UL;
We are passing 1898 6213 2988 #line 2988\nbase_address = high_pc;
We are passing 1898 6211 2987 #line 2987\n__inserted_bool = high_pc != 18446744073709551615UL;
We are passing 1898 6217 2991 #line 2991\n__inserted_bool = ! tmp___0;
We are passing 1898 6215 2991 _L: \n#line 2991\ntmp___0 = arange_add((struct comp_unit  const  *)unit,\n                     arange,\n                     base_address + low_pc,\n                     base_address + high_pc);
We are passing 1898 6208 2987 #line 2987\n__inserted_bool = low_pc == 18446744073709551615UL;
We are passing 1898 6196 2980 #line 2980\nlow_pc = read_address(unit,\n                      ranges_ptr,\n                      ranges_end);
We are passing 1898 6197 2981 #line 2981\nranges_ptr += (int )unit->addr_size;
We are passing 1898 6198 2982 #line 2982\nhigh_pc = read_address(unit,\n                       ranges_ptr,\n                       ranges_end);
We are passing 1898 6199 2983 #line 2983\nranges_ptr += (int )unit->addr_size;
We are passing 1898 6166 1 #line 1 \"<compiler builtins>\"\ntmp___0 = 0;
We are passing 1898 6167 1 #line 1\nhigh_pc = 0;
We are passing 1898 6168 1 #line 1\nlow_pc = 0;
We are passing 1898 6169 1 #line 1\ntmp = 0;
We are passing 1898 6170 1 #line 1\nbase_address = 0;
We are passing 1898 6171 2958 #line 2958 \"./dwarf2.c\"\nbase_address = unit->base_address;
We are passing 1898 6180 2966 #line 2966\nranges_ptr = (unit->stash)->dwarf_ranges_buffer + offset;
We are passing 1898 6185 2969 #line 2969\nranges_end = (unit->stash)->dwarf_ranges_buffer + (unit->stash)->dwarf_ranges_size;
We are passing 1914 6254 3019 #line 3019\n__inserted_bool = (unsigned long )nested_funcs == (unsigned long )((void *)0);
We are passing 1914 6265 3023 #line 3023\n__inserted_bool = ! nesting_level;
We are passing 1914 6272 3035 #line 3035\n__inserted_bool = (unsigned long )info_ptr >= (unsigned long )info_ptr_end;
We are passing 1914 6281 3044 #line 3044\nnesting_level --;
We are passing 1914 6279 3042 #line 3042\n__inserted_bool = ! abbrev_number;
We are passing 1914 6290 3056 #line 3056\ntmp___1 = dgettext((char const   *)\"bfd\",\n                   (char const   *)\"Dwarf Error: Could not find abbrev number %u.\");
We are passing 1914 6291 3056 #line 3056\n_bfd_error_handler((char const   *)tmp___1,\n                   abbrev_number);
We are passing 1914 6292 3059 #line 3059\nprevious_failed_abbrev = abbrev_number;
We are passing 1914 6288 3054 #line 3054\n__inserted_bool = abbrev_number != previous_failed_abbrev;
We are passing 1914 6293 3061 #line 3061\nbfd_set_error((bfd_error_type )17);
We are passing 1914 6285 3049 #line 3049\n__inserted_bool = ! abbrev;
We are passing 1914 6311 3072 #line 3072\n__inserted_bool = (unsigned long )func == (unsigned long )((void *)0);
We are passing 1914 6327 3078 #line 3078\nbfd_assert((char const   *)\"./dwarf2.c\",\n           3078);
We are passing 1914 6325 3078 #line 3078\n__inserted_bool = ! (! unit->cached);
We are passing 1914 6343 3081 #line 3081\n__inserted_bool = ! (i >= 1U);
We are passing 1914 6347 3084 #line 3084\nfunc->caller_func = *(nested_funcs + i);
We are passing 1914 6349 3081 #line 3081\ni --;
We are passing 1914 6335 3081 #line 3081\ni = (unsigned int )(nesting_level - 1);
We are passing 1914 6333 3080 #line 3080\n__inserted_bool = func->tag == 29;
We are passing 1914 6307 3070 _L: \n#line 3070\namt = sizeof(struct funcinfo );
We are passing 1914 6308 3071 #line 3071\ntmp___2 = bfd_zalloc(abfd,\n                     amt);
We are passing 1914 6309 3071 #line 3071\nfunc = (struct funcinfo *)tmp___2;
We are passing 1914 6314 3074 #line 3074\nfunc->tag = (int )abbrev->tag;
We are passing 1914 6315 3075 #line 3075\nfunc->prev_func = unit->function_table;
We are passing 1914 6316 3076 #line 3076\nunit->function_table = func;
We are passing 1914 6317 3077 #line 3077\n(unit->number_of_functions) ++;
We are passing 1914 6353 3087 #line 3087\n*(nested_funcs + nesting_level) = func;
We are passing 1914 6362 3096 #line 3096\n__inserted_bool = (unsigned long )var == (unsigned long )((void *)0);
We are passing 1914 6358 3094 #line 3094\namt___0 = sizeof(struct varinfo );
We are passing 1914 6359 3095 #line 3095\ntmp___3 = bfd_zalloc(abfd,\n                     amt___0);
We are passing 1914 6360 3095 #line 3095\nvar = (struct varinfo *)tmp___3;
We are passing 1914 6365 3098 #line 3098\nvar->tag = (int )abbrev->tag;
We are passing 1914 6366 3099 #line 3099\nvar->stack = 1U;
We are passing 1914 6367 3100 #line 3100\nvar->prev_var = unit->variable_table;
We are passing 1914 6368 3101 #line 3101\nunit->variable_table = var;
We are passing 1914 6356 3092 #line 3092\n__inserted_bool = (unsigned int )abbrev->tag == 52U;
We are passing 1914 6354 3091 #line 3091\nfunc = (struct funcinfo *)((void *)0);
We are passing 1914 6369 3107 #line 3107\n*(nested_funcs + nesting_level) = (struct funcinfo *)0;
We are passing 1914 6305 3066 #line 3066\n__inserted_bool = (unsigned int )abbrev->tag == 29U;
We are passing 1914 6301 3066 #line 3066\n__inserted_bool = (unsigned int )abbrev->tag == 3U;
We are passing 1914 6297 3066 #line 3066\n__inserted_bool = (unsigned int )abbrev->tag == 46U;
We are passing 1914 6378 3110 #line 3110\n__inserted_bool = ! (i < abbrev->num_attrs);
We are passing 1914 6383 3113 #line 3113\n__inserted_bool = (unsigned long )info_ptr == (unsigned long )((void *)0);
We are passing 1914 6388 3120 #line 3120\n__inserted_bool = (unsigned int )attr.name == 88U;
We are passing 1914 6392 3125 #line 3125\n__inserted_bool = (unsigned int )attr.name == 89U;
We are passing 1914 6396 3130 #line 3130\n__inserted_bool = (unsigned int )attr.name == 71U;
We are passing 1914 6400 3130 #line 3130\n__inserted_bool = (unsigned int )attr.name == 49U;
We are passing 1914 6404 3135 #line 3135\n__inserted_bool = (unsigned int )attr.name == 3U;
We are passing 1914 6408 3147 #line 3147\n__inserted_bool = (unsigned int )attr.name == 8199U;
We are passing 1914 6412 3147 #line 3147\n__inserted_bool = (unsigned int )attr.name == 110U;
We are passing 1914 6416 3157 #line 3157\n__inserted_bool = (unsigned int )attr.name == 17U;
We are passing 1914 6420 3161 #line 3161\n__inserted_bool = (unsigned int )attr.name == 18U;
We are passing 1914 6424 3166 #line 3166\n__inserted_bool = (unsigned int )attr.name == 85U;
We are passing 1914 6428 3171 #line 3171\n__inserted_bool = (unsigned int )attr.name == 58U;
We are passing 1914 6432 3176 #line 3176\n__inserted_bool = (unsigned int )attr.name == 59U;
We are passing 1914 6451 3142 #line 3142\nfunc->is_linkage = 1;
We are passing 1914 6448 3140 #line 3140\nfunc->name = (char const   *)attr.u.str;
We are passing 1914 6449 3141 #line 3141\ntmp___5 = non_mangled(unit->lang);
We are passing 1914 6446 3138 #line 3138\ntmp___6 = is_str_attr(attr.form);
We are passing 1914 6444 3138 #line 3138\n__inserted_bool = (unsigned long )func->name == (unsigned long )((void *)0);
We are passing 1914 6455 3152 #line 3152\nfunc->name = (char const   *)attr.u.str;
We are passing 1914 6456 3153 #line 3153\nfunc->is_linkage = 1;
We are passing 1914 6465 3167 #line 3167\n__inserted_bool = ! tmp___8;
We are passing 1914 6436 3121 case_88: \n#line 3121\nfunc->caller_file = concat_filename(unit->line_table,\n                                    (unsigned int )attr.u.val);
We are passing 1914 6438 3126 case_89: \n#line 3126\nfunc->caller_line = (int )attr.u.val;
We are passing 1914 6440 3131 case_71: \n#line 3131\ntmp___4 = find_abstract_instance_name(unit,\n                                      & attr,\n                                      & func->is_linkage);
We are passing 1914 6441 3131 #line 3131\nfunc->name = (char const   *)tmp___4;
We are passing 1914 6453 3150 case_8199: \n#line 3150\ntmp___7 = is_str_attr(attr.form);
We are passing 1914 6458 3158 case_17: \n#line 3158\nlow_pc = attr.u.val;
We are passing 1914 6460 3162 case_18: \n#line 3162\nhigh_pc = attr.u.val;
We are passing 1914 6461 3163 #line 3163\nhigh_pc_relative = (unsigned int )attr.form != 1U;
We are passing 1914 6463 3167 case_85: \n#line 3167\ntmp___8 = read_rangelist(unit,\n                         & func->arange,\n                         attr.u.val);
We are passing 1914 6469 3172 case_58: \n#line 3172\nfunc->file = concat_filename(unit->line_table,\n                             (unsigned int )attr.u.val);
We are passing 1914 6471 3177 case_59: \n#line 3177\nfunc->line = (int )attr.u.val;
We are passing 1914 6477 3188 #line 3188\n__inserted_bool = (unsigned int )attr.name == 3U;
We are passing 1914 6481 3192 #line 3192\n__inserted_bool = (unsigned int )attr.name == 58U;
We are passing 1914 6485 3197 #line 3197\n__inserted_bool = (unsigned int )attr.name == 59U;
We are passing 1914 6489 3201 #line 3201\n__inserted_bool = (unsigned int )attr.name == 63U;
We are passing 1914 6493 3206 #line 3206\n__inserted_bool = (unsigned int )attr.name == 2U;
We are passing 1914 6506 3203 #line 3203\nvar->stack = 0U;
We are passing 1914 6504 3202 #line 3202\n__inserted_bool = attr.u.val != 0UL;
We are passing 1914 6509 3213 #line 3213\n__inserted_bool = (unsigned int )attr.form == 24U;
We are passing 1914 6513 3213 #line 3213\n__inserted_bool = (unsigned int )attr.form == 4U;
We are passing 1914 6517 3213 #line 3213\n__inserted_bool = (unsigned int )attr.form == 3U;
We are passing 1914 6521 3213 #line 3213\n__inserted_bool = (unsigned int )attr.form == 10U;
We are passing 1914 6525 3213 #line 3213\n__inserted_bool = (unsigned int )attr.form == 9U;
We are passing 1914 6542 3226 #line 3226\nvar->addr = (bfd_vma )((int const   )*((unsigned char const   *)((attr.u.blk)->data + 1)) & 255);
We are passing 1914 6546 3226 #line 3226\ntmp___9 = (*(((unit->abfd)->xvec)->bfd_getx16))((void const   *)((attr.u.blk)->data + 1));
We are passing 1914 6547 3226 #line 3226\ntmp___14 = tmp___9;
We are passing 1914 6551 3226 #line 3226\ntmp___10 = (*(((unit->abfd)->xvec)->bfd_getx32))((void const   *)((attr.u.blk)->data + 1));
We are passing 1914 6552 3226 #line 3226\ntmp___13 = tmp___10;
We are passing 1914 6556 3226 #line 3226\ntmp___11 = (*(((unit->abfd)->xvec)->bfd_getx64))((void const   *)((attr.u.blk)->data + 1));
We are passing 1914 6557 3226 #line 3226\ntmp___12 = tmp___11;
We are passing 1914 6558 3226 #line 3226\n_bfd_abort((char const   *)\"./dwarf2.c\",\n           3228,\n           (char const   *)\"scan_unit_for_symbols\");
We are passing 1914 6559 3226 #line 3226\ntmp___12 = (bfd_vma )-1;
We are passing 1914 6554 3226 #line 3226\n__inserted_bool = (int )unit->addr_size * 8 == 64;
We are passing 1914 6560 3226 #line 3226\ntmp___13 = tmp___12;
We are passing 1914 6549 3226 #line 3226\n__inserted_bool = (int )unit->addr_size * 8 == 32;
We are passing 1914 6561 3226 #line 3226\ntmp___14 = tmp___13;
We are passing 1914 6544 3226 #line 3226\n__inserted_bool = (int )unit->addr_size * 8 == 16;
We are passing 1914 6562 3226 #line 3226\nvar->addr = tmp___14;
We are passing 1914 6540 3226 #line 3226\n__inserted_bool = (int )unit->addr_size * 8 == 8;
We are passing 1914 6537 3225 #line 3225\n__inserted_bool = (attr.u.blk)->size == (unsigned int )unit->addr_size + 1U;
We are passing 1914 6535 3217 #line 3217\nvar->stack = 0U;
We are passing 1914 6533 3214 #line 3214\n__inserted_bool = (int )*((attr.u.blk)->data) == 3;
We are passing 1914 6530 3214 #line 3214\n__inserted_bool = (unsigned long )(attr.u.blk)->data != (unsigned long )((void *)0);
We are passing 1914 6497 3189 case_3___0: \n#line 3189\nvar->name = attr.u.str;
We are passing 1914 6499 3193 case_58___0: \n#line 3193\nvar->file = concat_filename(unit->line_table,\n                            (unsigned int )attr.u.val);
We are passing 1914 6501 3198 case_59___0: \n#line 3198\nvar->line = (int )attr.u.val;
We are passing 1914 6381 3112 #line 3112\ninfo_ptr = read_attribute(& attr,\n                          abbrev->attrs + i,\n                          unit,\n                          info_ptr,\n                          info_ptr_end);
We are passing 1914 6569 3110 #line 3110\ni ++;
We are passing 1914 6574 3244 #line 3244\nhigh_pc += low_pc;
We are passing 1914 6581 3248 #line 3248\n__inserted_bool = ! tmp___15;
We are passing 1914 6579 3248 #line 3248\ntmp___15 = arange_add((struct comp_unit  const  *)unit,\n                      & func->arange,\n                      low_pc,\n                      high_pc);
We are passing 1914 6577 3246 #line 3246\n__inserted_bool = high_pc != 0UL;
We are passing 1914 6593 3264 #line 3264\n__inserted_bool = (unsigned long )tmp___16 == (unsigned long )((void *)0);
We are passing 1914 6589 3260 #line 3260\nnested_funcs_size *= 2;
We are passing 1914 6590 3261 #line 3261\ntmp___17 = bfd_realloc((void *)nested_funcs,\n                       (unsigned long )nested_funcs_size * sizeof(struct funcinfo *));
We are passing 1914 6591 3261 #line 3261\ntmp___16 = (struct funcinfo **)tmp___17;
We are passing 1914 6596 3266 #line 3266\nnested_funcs = tmp___16;
We are passing 1914 6587 3256 #line 3256\n__inserted_bool = nesting_level >= nested_funcs_size;
We are passing 1914 6585 3254 #line 3254\nnesting_level ++;
We are passing 1914 6597 3268 #line 3268\n*(nested_funcs + nesting_level) = (struct funcinfo *)0;
We are passing 1914 6268 3030 #line 3030\nlow_pc = (bfd_vma )0;
We are passing 1914 6269 3031 #line 3031\nhigh_pc = (bfd_vma )0;
We are passing 1914 6270 3032 #line 3032\nhigh_pc_relative = 0;
We are passing 1914 6275 3038 #line 3038\ntmp___0 = _bfd_safe_read_leb128(abfd,\n                                info_ptr,\n                                & bytes_read,\n                                0,\n                                (bfd_byte const   *)info_ptr_end);
We are passing 1914 6276 3038 #line 3038\nabbrev_number = (unsigned int )tmp___0;
We are passing 1914 6277 3040 #line 3040\ninfo_ptr += bytes_read;
We are passing 1914 6283 3048 #line 3048\nabbrev = lookup_abbrev(abbrev_number,\n                       unit->abbrevs);
We are passing 1914 6295 3065 #line 3065\nvar = (struct varinfo *)((void *)0);
We are passing 1914 6370 3110 #line 3110\ni = 0U;
We are passing 1914 6224 1 #line 1 \"<compiler builtins>\"\ntmp___15 = 0;
We are passing 1914 6225 1 #line 1\ntmp___14 = 0;
We are passing 1914 6226 1 #line 1\ntmp___13 = 0;
We are passing 1914 6227 1 #line 1\ntmp___12 = 0;
We are passing 1914 6228 1 #line 1\ntmp___11 = 0;
We are passing 1914 6229 1 #line 1\ntmp___10 = 0;
We are passing 1914 6230 1 #line 1\ntmp___9 = 0;
We are passing 1914 6231 1 #line 1\ntmp___8 = 0;
We are passing 1914 6232 1 #line 1\ntmp___7 = 0;
We are passing 1914 6233 1 #line 1\ntmp___6 = 0;
We are passing 1914 6234 1 #line 1\ntmp___5 = 0;
We are passing 1914 6235 1 #line 1\namt___0 = 0;
We are passing 1914 6236 1 #line 1\namt = 0;
We are passing 1914 6237 1 #line 1\ntmp___0 = 0;
We are passing 1914 6238 1 #line 1\nhigh_pc_relative = 0;
We are passing 1914 6239 1 #line 1\nhigh_pc = 0;
We are passing 1914 6240 1 #line 1\nlow_pc = 0;
We are passing 1914 6241 1 #line 1\ni = 0;
We are passing 1914 6242 1 #line 1\nbytes_read = 0;
We are passing 1914 6243 1 #line 1\nabbrev_number = 0;
We are passing 1914 6244 1 #line 1\nnested_funcs_size = 0;
We are passing 1914 6245 1 #line 1\nnesting_level = 0;
We are passing 1914 6246 3007 #line 3007 \"./dwarf2.c\"\nabfd = unit->abfd;
We are passing 1914 6247 3008 #line 3008\ninfo_ptr = unit->first_child_die_ptr;
We are passing 1914 6248 3009 #line 3009\ninfo_ptr_end = (unit->stash)->info_ptr_end;
We are passing 1914 6249 3010 #line 3010\nnesting_level = 1;
We are passing 1914 6250 3016 #line 3016\nnested_funcs_size = 32;
We are passing 1914 6251 3017 #line 3017\ntmp = bfd_malloc((unsigned long )nested_funcs_size * sizeof(struct funcinfo *));
We are passing 1914 6252 3017 #line 3017\nnested_funcs = (struct funcinfo **)tmp;
We are passing 1914 6257 3021 #line 3021\n*(nested_funcs + nesting_level) = (struct funcinfo *)0;
We are passing 1914 6600 3272 while_break: \n#line 3272\nfree((void *)nested_funcs);
We are passing 1914 6602 3276 fail: \n#line 3276\nfree((void *)nested_funcs);
We are passing 1956 6639 3323 #line 3323\ntmp = dgettext((char const   *)\"bfd\",\n               (char const   *)\"Dwarf Error: found dwarf version \\\'%u\\\', this reader only handles version 2, 3, 4 and 5 information.\");
We are passing 1956 6640 3323 #line 3323\n_bfd_error_handler((char const   *)tmp,\n                   version);
We are passing 1956 6641 3326 #line 3326\nbfd_set_error((bfd_error_type )17);
We are passing 1956 6636 3315 #line 3315\n__inserted_bool = version > 5U;
We are passing 1956 6632 3315 #line 3315\n__inserted_bool = version < 2U;
We are passing 1956 6646 3332 #line 3332\nunit_type = (enum dwarf_unit_type )1;
We are passing 1956 6647 3335 #line 3335\ntmp___0 = read_1_byte(abfd,\n                      info_ptr,\n                      end_ptr);
We are passing 1956 6648 3335 #line 3335\nunit_type = (enum dwarf_unit_type )tmp___0;
We are passing 1956 6649 3336 #line 3336\ninfo_ptr ++;
We are passing 1956 6650 3338 #line 3338\naddr_size = read_1_byte(abfd,\n                        info_ptr,\n                        end_ptr);
We are passing 1956 6651 3339 #line 3339\ninfo_ptr ++;
We are passing 1956 6644 3331 #line 3331\n__inserted_bool = version < 5U;
We are passing 1956 6664 3342 #line 3342\nbfd_assert((char const   *)\"./dwarf2.c\",\n           3342);
We are passing 1956 6662 3342 #line 3342\n__inserted_bool = ! (offset_size == 8U);
We are passing 1956 6659 3342 #line 3342\n__inserted_bool = ! (offset_size == 4U);
We are passing 1956 6672 3344 #line 3344\ntmp___1 = read_4_bytes(abfd,\n                       info_ptr,\n                       end_ptr);
We are passing 1956 6673 3344 #line 3344\nabbrev_offset = (bfd_uint64_t )tmp___1;
We are passing 1956 6674 3346 #line 3346\nabbrev_offset = read_8_bytes(abfd,\n                             info_ptr,\n                             end_ptr);
We are passing 1956 6670 3343 #line 3343\n__inserted_bool = offset_size == 4U;
We are passing 1956 6679 3351 #line 3351\naddr_size = read_1_byte(abfd,\n                        info_ptr,\n                        end_ptr);
We are passing 1956 6680 3352 #line 3352\ninfo_ptr ++;
We are passing 1956 6677 3349 #line 3349\n__inserted_bool = version < 5U;
We are passing 1956 6684 3358 #line 3358\ninfo_ptr += 8;
We are passing 1956 6685 3361 #line 3361\ninfo_ptr += offset_size;
We are passing 1956 6682 3355 #line 3355\n__inserted_bool = (unsigned int )unit_type == 2U;
We are passing 1956 6689 3366 #line 3366\ntmp___2 = dgettext((char const   *)\"bfd\",\n                   (char const   *)\"Dwarf Error: found address size \\\'%u\\\', this reader can not handle sizes greater than \\\'%u\\\'.\");
We are passing 1956 6690 3366 #line 3366\n_bfd_error_handler((char const   *)tmp___2,\n                   addr_size,\n                   (unsigned int )sizeof(bfd_vma ));
We are passing 1956 6691 3372 #line 3372\nbfd_set_error((bfd_error_type )17);
We are passing 1956 6687 3364 #line 3364\n__inserted_bool = (unsigned long )addr_size > sizeof(bfd_vma );
We are passing 1956 6702 3378 #line 3378\n_bfd_error_handler((char const   *)\"Dwarf Error: found address size \\\'%u\\\', this reader can only handle address sizes \\\'2\\\', \\\'4\\\' and \\\'8\\\'.\",\n                   addr_size);
We are passing 1956 6703 3381 #line 3381\nbfd_set_error((bfd_error_type )17);
We are passing 1956 6700 3376 #line 3376\n__inserted_bool = addr_size != 8U;
We are passing 1956 6697 3376 #line 3376\n__inserted_bool = addr_size != 4U;
We are passing 1956 6694 3376 #line 3376\n__inserted_bool = addr_size != 2U;
We are passing 1956 6707 3387 #line 3387\n__inserted_bool = ! abbrevs;
We are passing 1956 6714 3393 #line 3393\n__inserted_bool = ! abbrev_number;
We are passing 1956 6721 3405 #line 3405\ntmp___4 = dgettext((char const   *)\"bfd\",\n                   (char const   *)\"Dwarf Error: Could not find abbrev number %u.\");
We are passing 1956 6722 3405 #line 3405\n_bfd_error_handler((char const   *)tmp___4,\n                   abbrev_number);
We are passing 1956 6723 3407 #line 3407\nbfd_set_error((bfd_error_type )17);
We are passing 1956 6719 3403 #line 3403\n__inserted_bool = ! abbrev;
We are passing 1956 6729 3413 #line 3413\n__inserted_bool = (unsigned long )unit == (unsigned long )((void *)0);
We are passing 1956 6749 3425 #line 3425\n__inserted_bool = ! (i < abbrev->num_attrs);
We are passing 1956 6754 3428 #line 3428\n__inserted_bool = (unsigned long )info_ptr == (unsigned long )((void *)0);
We are passing 1956 6758 3435 #line 3435\n__inserted_bool = (unsigned int )attr.name == 16U;
We are passing 1956 6762 3440 #line 3440\n__inserted_bool = (unsigned int )attr.name == 3U;
We are passing 1956 6766 3444 #line 3444\n__inserted_bool = (unsigned int )attr.name == 17U;
We are passing 1956 6770 3453 #line 3453\n__inserted_bool = (unsigned int )attr.name == 18U;
We are passing 1956 6774 3458 #line 3458\n__inserted_bool = (unsigned int )attr.name == 85U;
We are passing 1956 6778 3463 #line 3463\n__inserted_bool = (unsigned int )attr.name == 27U;
We are passing 1956 6782 3488 #line 3488\n__inserted_bool = (unsigned int )attr.name == 19U;
We are passing 1956 6795 3450 #line 3450\nunit->base_address = low_pc;
We are passing 1956 6793 3449 #line 3449\n__inserted_bool = (unsigned int )abbrev->tag == 17U;
We are passing 1956 6802 3459 #line 3459\n__inserted_bool = ! tmp___6;
We are passing 1956 6811 3470 #line 3470\ntmp___7 = dgettext((char const   *)\"bfd\",\n                   (char const   *)\"Dwarf Error: DW_AT_comp_dir attribute encountered with a non-string form.\");
We are passing 1956 6812 3470 #line 3470\n_bfd_error_handler((char const   *)tmp___7);
We are passing 1956 6813 3472 #line 3472\ncomp_dir = (char *)((void *)0);
We are passing 1956 6809 3468 #line 3468\n__inserted_bool = ! tmp___8;
We are passing 1956 6827 3482 #line 3482\ncomp_dir = cp + 1;
We are passing 1956 6825 3481 #line 3481\n__inserted_bool = (int )*(cp + 1) == 47;
We are passing 1956 6822 3481 #line 3481\n__inserted_bool = (int )*(cp + -1) == 46;
We are passing 1956 6819 3481 #line 3481\n__inserted_bool = (unsigned long )cp != (unsigned long )comp_dir;
We are passing 1956 6815 3479 #line 3479\ntmp___9 = strchr((char const   *)comp_dir,\n                 \':\');
We are passing 1956 6816 3479 #line 3479\ncp = tmp___9;
We are passing 1956 6752 3427 #line 3427\ninfo_ptr = read_attribute(& attr,\n                          abbrev->attrs + i,\n                          unit,\n                          info_ptr,\n                          end_ptr);
We are passing 1956 6786 3436 case_16: \n#line 3436\nunit->stmtlist = 1;
We are passing 1956 6787 3437 #line 3437\nunit->line_offset = attr.u.val;
We are passing 1956 6789 3441 case_3: \n#line 3441\nunit->name = attr.u.str;
We are passing 1956 6791 3445 case_17: \n#line 3445\nlow_pc = attr.u.val;
We are passing 1956 6797 3454 case_18: \n#line 3454\nhigh_pc = attr.u.val;
We are passing 1956 6798 3455 #line 3455\nhigh_pc_relative = (unsigned int )attr.form != 1U;
We are passing 1956 6800 3459 case_85: \n#line 3459\ntmp___6 = read_rangelist(unit,\n                         & unit->arange,\n                         attr.u.val);
We are passing 1956 6806 3465 case_27: \n#line 3465\ncomp_dir = attr.u.str;
We are passing 1956 6807 3468 #line 3468\ntmp___8 = is_str_attr(attr.form);
We are passing 1956 6828 3484 #line 3484\nunit->comp_dir = comp_dir;
We are passing 1956 6830 3489 case_19: \n#line 3489\nunit->lang = (int )attr.u.val;
We are passing 1956 6833 3425 switch_break: \n#line 3425\ni ++;
We are passing 1956 6838 3497 #line 3497\nhigh_pc += low_pc;
We are passing 1956 6844 3500 #line 3500\n__inserted_bool = ! tmp___10;
We are passing 1956 6842 3500 #line 3500\ntmp___10 = arange_add((struct comp_unit  const  *)unit,\n                      & unit->arange,\n                      low_pc,\n                      high_pc);
We are passing 1956 6840 3498 #line 3498\n__inserted_bool = high_pc != 0UL;
We are passing 1956 6604 1 #line 1 \"<compiler builtins>\"\ntmp___10 = 0;
We are passing 1956 6605 1 #line 1\ntmp___8 = 0;
We are passing 1956 6606 1 #line 1\ntmp___6 = 0;
We are passing 1956 6607 1 #line 1\ntmp___3 = 0;
We are passing 1956 6608 1 #line 1\ntmp___1 = 0;
We are passing 1956 6609 1 #line 1\ntmp___0 = 0;
We are passing 1956 6610 1 #line 1\nunit_type = 0;
We are passing 1956 6611 1 #line 1\nhigh_pc_relative = 0;
We are passing 1956 6612 1 #line 1\nhigh_pc = 0;
We are passing 1956 6613 1 #line 1\nlow_pc = 0;
We are passing 1956 6614 1 #line 1\namt = 0;
We are passing 1956 6615 1 #line 1\ni = 0;
We are passing 1956 6616 1 #line 1\nbytes_read = 0;
We are passing 1956 6617 1 #line 1\nabbrev_number = 0;
We are passing 1956 6618 1 #line 1\naddr_size = 0;
We are passing 1956 6619 1 #line 1\nabbrev_offset = 0;
We are passing 1956 6620 1 #line 1\nversion = 0;
We are passing 1956 6621 3297 #line 3297 \"./dwarf2.c\"\nabbrev_offset = (bfd_uint64_t )0;
We are passing 1956 6622 3299 #line 3299\naddr_size = 4294967295U;
We are passing 1956 6623 3304 #line 3304\ninfo_ptr = stash->info_ptr;
We are passing 1956 6624 3305 #line 3305\nend_ptr = info_ptr + unit_length;
We are passing 1956 6625 3307 #line 3307\nlow_pc = (bfd_vma )0;
We are passing 1956 6626 3308 #line 3308\nhigh_pc = (bfd_vma )0;
We are passing 1956 6627 3309 #line 3309\nabfd = stash->bfd_ptr;
We are passing 1956 6628 3310 #line 3310\nhigh_pc_relative = 0;
We are passing 1956 6629 3313 #line 3313\nversion = read_2_bytes(abfd,\n                       info_ptr,\n                       end_ptr);
We are passing 1956 6630 3314 #line 3314\ninfo_ptr += 2;
We are passing 1956 6675 3347 #line 3347\ninfo_ptr += offset_size;
We are passing 1956 6705 3386 #line 3386\nabbrevs = read_abbrevs(abfd,\n                       abbrev_offset,\n                       stash);
We are passing 1956 6710 3390 #line 3390\ntmp___3 = _bfd_safe_read_leb128(abfd,\n                                info_ptr,\n                                & bytes_read,\n                                0,\n                                (bfd_byte const   *)end_ptr);
We are passing 1956 6711 3390 #line 3390\nabbrev_number = (unsigned int )tmp___3;
We are passing 1956 6712 3392 #line 3392\ninfo_ptr += bytes_read;
We are passing 1956 6717 3402 #line 3402\nabbrev = lookup_abbrev(abbrev_number,\n                       abbrevs);
We are passing 1956 6725 3411 #line 3411\namt = sizeof(struct comp_unit );
We are passing 1956 6726 3412 #line 3412\ntmp___5 = bfd_zalloc(abfd,\n                     amt);
We are passing 1956 6727 3412 #line 3412\nunit = (struct comp_unit *)tmp___5;
We are passing 1956 6732 3415 #line 3415\nunit->abfd = abfd;
We are passing 1956 6733 3416 #line 3416\nunit->version = (int )version;
We are passing 1956 6734 3417 #line 3417\nunit->addr_size = (unsigned char )addr_size;
We are passing 1956 6735 3418 #line 3418\nunit->offset_size = (unsigned char )offset_size;
We are passing 1956 6736 3419 #line 3419\nunit->abbrevs = abbrevs;
We are passing 1956 6737 3420 #line 3420\nunit->end_ptr = end_ptr;
We are passing 1956 6738 3421 #line 3421\nunit->stash = stash;
We are passing 1956 6739 3422 #line 3422\nunit->info_ptr_unit = info_ptr_unit;
We are passing 1956 6740 3423 #line 3423\nunit->sec_info_ptr = stash->sec_info_ptr;
We are passing 1956 6741 3425 #line 3425\ni = 0U;
We are passing 1956 6847 3504 #line 3504\nunit->first_child_die_ptr = info_ptr;
We are passing 1997 6862 3525 #line 3525\n__inserted_bool = addr < arange->high;
We are passing 1997 6859 3525 #line 3525\n__inserted_bool = addr >= arange->low;
We are passing 1997 6867 3523 #line 3523\n__inserted_bool = ! arange;
We are passing 1997 6865 3527 #line 3527\narange = arange->next;
We are passing 1997 6851 3522 #line 3522\narange = & unit->arange;
We are passing 2003 6885 3560 #line 3560\nunit->error = 1;
We are passing 2003 6883 3558 #line 3558\n__inserted_bool = ! unit->stmtlist;
We are passing 2003 6891 3568 #line 3568\nunit->error = 1;
We are passing 2003 6889 3566 #line 3566\n__inserted_bool = ! unit->line_table;
We are passing 2003 6900 3575 #line 3575\nunit->error = 1;
We are passing 2003 6898 3572 #line 3572\n__inserted_bool = ! tmp;
We are passing 2003 6896 3572 #line 3572\ntmp = scan_unit_for_symbols(unit);
We are passing 2003 6894 3572 #line 3572\n__inserted_bool = (unsigned long )unit->first_child_die_ptr < (unsigned long )unit->end_ptr;
We are passing 2003 6887 3564 #line 3564\nunit->line_table = decode_line_info(unit,\n                                    stash);
We are passing 2003 6880 3556 #line 3556\n__inserted_bool = ! unit->line_table;
We are passing 2003 6908 3583 #line 3583\nstash->inliner_chain = *function_ptr;
We are passing 2003 6906 3582 #line 3582\n__inserted_bool = (*function_ptr)->tag == 29;
We are passing 2003 6874 1 #line 1 \"<compiler builtins>\"\ntmp___0 = 0;
We are passing 2003 6875 1 #line 1\ntmp = 0;
We are passing 2003 6876 1 #line 1\nfunc_p = 0;
We are passing 2003 6902 3580 #line 3580 \"./dwarf2.c\"\n*function_ptr = (struct funcinfo *)((void *)0);
We are passing 2003 6903 3581 #line 3581\nfunc_p = lookup_address_in_function_table(unit,\n                                          addr,\n                                          function_ptr);
We are passing 2003 6909 3585 #line 3585\ntmp___0 = lookup_address_in_line_info_table(unit->line_table,\n                                            addr,\n                                            filename_ptr,\n                                            linenumber_ptr,\n                                            discriminator_ptr);
We are passing 2021 6920 3606 #line 3606\nunit->error = 1;
We are passing 2021 6918 3604 #line 3604\n__inserted_bool = ! unit->stmtlist;
We are passing 2021 6926 3614 #line 3614\nunit->error = 1;
We are passing 2021 6924 3612 #line 3612\n__inserted_bool = ! unit->line_table;
We are passing 2021 6935 3621 #line 3621\nunit->error = 1;
We are passing 2021 6933 3618 #line 3618\n__inserted_bool = ! tmp;
We are passing 2021 6931 3618 #line 3618\ntmp = scan_unit_for_symbols(unit);
We are passing 2021 6929 3618 #line 3618\n__inserted_bool = (unsigned long )unit->first_child_die_ptr < (unsigned long )unit->end_ptr;
We are passing 2021 6922 3610 #line 3610\nunit->line_table = decode_line_info(unit,\n                                    stash);
We are passing 2021 6915 3602 #line 3602\n__inserted_bool = ! unit->line_table;
We are passing 2021 6911 1 #line 1 \"<compiler builtins>\"\ntmp = 0;
We are passing 2027 6943 3645 #line 3645 \"./dwarf2.c\"\n__inserted_bool = ! tmp;
We are passing 2027 6949 3649 #line 3649\ntmp___0 = lookup_symbol_in_function_table(unit,\n                                          sym,\n                                          addr,\n                                          filename_ptr,\n                                          linenumber_ptr);
We are passing 2027 6947 3648 #line 3648\n__inserted_bool = sym->flags & (unsigned int )(1 << 3);
We are passing 2027 6938 1 #line 1 \"<compiler builtins>\"\ntmp___1 = 0;
We are passing 2027 6939 1 #line 1\ntmp___0 = 0;
We are passing 2027 6940 1 #line 1\ntmp = 0;
We are passing 2027 6941 3645 #line 3645 \"./dwarf2.c\"\ntmp = comp_unit_maybe_decode_line_info(unit,\n                                       stash);
We are passing 2027 6951 3653 #line 3653\ntmp___1 = lookup_symbol_in_variable_table(unit,\n                                          sym,\n                                          addr,\n                                          filename_ptr,\n                                          linenumber_ptr);
We are passing 2043 6961 3664 #line 3664\n__inserted_bool = ! head;
We are passing 2043 6964 3666 #line 3666\ntemp = head->prev_func;
We are passing 2043 6965 3667 #line 3667\nhead->prev_func = rhead;
We are passing 2043 6966 3668 #line 3668\nrhead = head;
We are passing 2043 6967 3664 #line 3664\nhead = temp;
We are passing 2043 6953 3664 #line 3664\nrhead = (struct funcinfo *)((void *)0);
We are passing 2048 6980 3679 #line 3679\n__inserted_bool = ! head;
We are passing 2048 6983 3681 #line 3681\ntemp = head->prev_var;
We are passing 2048 6984 3682 #line 3682\nhead->prev_var = rhead;
We are passing 2048 6985 3683 #line 3683\nrhead = head;
We are passing 2048 6986 3679 #line 3679\nhead = temp;
We are passing 2048 6972 3679 #line 3679\nrhead = (struct varinfo *)((void *)0);
We are passing 2053 7003 3702 #line 3702\nbfd_assert((char const   *)\"./dwarf2.c\",\n           3702);
We are passing 2053 7001 3702 #line 3702\n__inserted_bool = ! (stash->info_hash_status != 2);
We are passing 2053 7009 3704 #line 3704\n__inserted_bool = ! tmp;
We are passing 2053 7021 3707 #line 3707\nbfd_assert((char const   *)\"./dwarf2.c\",\n           3707);
We are passing 2053 7019 3707 #line 3707\n__inserted_bool = ! (! unit->cached);
We are passing 2053 7035 3715 #line 3715\n__inserted_bool = ! okay;
We are passing 2053 7040 3724 #line 3724\nokay = insert_info_hash_table(funcinfo_hash_table,\n                              each_func->name,\n                              (void *)each_func,\n                              0);
We are passing 2053 7041 3715 #line 3715\neach_func = each_func->prev_func;
We are passing 2053 7046 3728 #line 3728\n__inserted_bool = ! okay;
We are passing 2053 7059 3733 #line 3733\n__inserted_bool = ! okay;
We are passing 2053 7072 3744 #line 3744\nokay = insert_info_hash_table(varinfo_hash_table,\n                              (char const   *)each_var->name,\n                              (void *)each_var,\n                              0);
We are passing 2053 7070 3738 #line 3738\n__inserted_bool = (unsigned long )each_var->name != (unsigned long )((void *)0);
We are passing 2053 7067 3738 #line 3738\n__inserted_bool = (unsigned long )each_var->file != (unsigned long )((void *)0);
We are passing 2053 7064 3738 #line 3738\n__inserted_bool = each_var->stack == 0U;
We are passing 2053 7073 3733 #line 3733\neach_var = each_var->prev_var;
We are passing 2053 6991 1 #line 1 \"<compiler builtins>\"\ntmp = 0;
We are passing 2053 6992 1 #line 1\nokay = 0;
We are passing 2053 6993 3700 #line 3700 \"./dwarf2.c\"\nokay = 1;
We are passing 2053 7007 3704 while_break: \n#line 3704\ntmp = comp_unit_maybe_decode_line_info(unit,\n                                       stash);
We are passing 2053 7025 3714 while_break___0: \n#line 3714\nunit->function_table = reverse_funcinfo_list(unit->function_table);
We are passing 2053 7026 3715 #line 3715\neach_func = unit->function_table;
We are passing 2053 7044 3727 while_break___1: \n#line 3727\nunit->function_table = reverse_funcinfo_list(unit->function_table);
We are passing 2053 7049 3732 #line 3732\nunit->variable_table = reverse_varinfo_list(unit->variable_table);
We are passing 2053 7050 3733 #line 3733\neach_var = unit->variable_table;
We are passing 2053 7076 3748 while_break___2: \n#line 3748\nunit->variable_table = reverse_varinfo_list(unit->variable_table);
We are passing 2053 7077 3749 #line 3749\nunit->cached = 1;
We are passing 2066 7089 3776 #line 3776\n__inserted_bool = (unsigned long )msec != (unsigned long )((void *)0);
We are passing 2066 7098 3783 #line 3783\n__inserted_bool = (unsigned long )msec != (unsigned long )((void *)0);
We are passing 2066 7096 3782 #line 3782\nmsec = bfd_get_section_by_name(abfd,\n                               look);
We are passing 2066 7094 3780 #line 3780\n__inserted_bool = (unsigned long )look != (unsigned long )((void *)0);
We are passing 2066 7109 3787 #line 3787\n__inserted_bool = ! ((unsigned long )msec != (unsigned long )((void *)0));
We are passing 2066 7114 3788 #line 3788\n__inserted_bool = tmp == 0;
We are passing 2066 7112 3788 #line 3788\ntmp = strncmp(msec->name,\n              (char const   *)\".gnu.linkonce.wi.\",\n              sizeof(\".gnu.linkonce.wi.\") - 1UL);
We are passing 2066 7117 3787 #line 3787\nmsec = msec->next;
We are passing 2066 7086 3774 #line 3774\nlook = (char const   *)(debug_sections + 3)->uncompressed_name;
We are passing 2066 7087 3775 #line 3775\nmsec = bfd_get_section_by_name(abfd,\n                               look);
We are passing 2066 7092 3779 #line 3779\nlook = (char const   *)(debug_sections + 3)->compressed_name;
We are passing 2066 7101 3787 #line 3787\nmsec = abfd->sections;
We are passing 2066 7084 3772 #line 3772\n__inserted_bool = (unsigned long )after_sec == (unsigned long )((void *)0);
We are passing 2066 7130 3794 #line 3794\n__inserted_bool = ! ((unsigned long )msec != (unsigned long )((void *)0));
We are passing 2066 7136 3797 #line 3797\n__inserted_bool = tmp___0 == 0;
We are passing 2066 7145 3801 #line 3801\n__inserted_bool = tmp___1 == 0;
We are passing 2066 7143 3801 #line 3801\ntmp___1 = strcmp(msec->name,\n                 look);
We are passing 2066 7141 3801 #line 3801\n__inserted_bool = (unsigned long )look != (unsigned long )((void *)0);
We are passing 2066 7150 3804 #line 3804\n__inserted_bool = tmp___2 == 0;
We are passing 2066 7133 3796 #line 3796\nlook = (char const   *)(debug_sections + 3)->uncompressed_name;
We are passing 2066 7134 3797 #line 3797\ntmp___0 = strcmp(msec->name,\n                 look);
We are passing 2066 7139 3800 #line 3800\nlook = (char const   *)(debug_sections + 3)->compressed_name;
We are passing 2066 7148 3804 #line 3804\ntmp___2 = strncmp(msec->name,\n                  (char const   *)\".gnu.linkonce.wi.\",\n                  sizeof(\".gnu.linkonce.wi.\") - 1UL);
We are passing 2066 7153 3794 #line 3794\nmsec = msec->next;
We are passing 2066 7079 1 #line 1 \"<compiler builtins>\"\ntmp___2 = 0;
We are passing 2066 7080 1 #line 1\ntmp___1 = 0;
We are passing 2066 7081 1 #line 1\ntmp___0 = 0;
We are passing 2066 7082 1 #line 1\ntmp = 0;
We are passing 2066 7122 3794 #line 3794 \"./dwarf2.c\"\nmsec = after_sec->next;
We are passing 2079 7171 3818 #line 3818\n__inserted_bool = ! ((unsigned long )d != (unsigned long )((void *)0));
We are passing 2079 7168 3818 #line 3818\n__inserted_bool = (unsigned long )s != (unsigned long )((void *)0);
We are passing 2079 7176 3822 #line 3822\n__inserted_bool = (d->flags & 8192U) != 0U;
We are passing 2079 7183 3828 #line 3828\nd->output_section = s->output_section;
We are passing 2079 7184 3829 #line 3829\nd->output_offset = s->output_offset;
We are passing 2079 7185 3830 #line 3830\nd->vma = s->vma;
We are passing 2079 7181 3826 #line 3826\n__inserted_bool = tmp == 0;
We are passing 2079 7179 3826 #line 3826\ntmp = strcmp(s->name,\n             d->name);
We are passing 2079 7186 3818 #line 3818\ns = s->next;
We are passing 2079 7187 3818 #line 3818\nd = d->next;
We are passing 2079 7158 1 #line 1 \"<compiler builtins>\"\ntmp = 0;
We are passing 2079 7159 3818 #line 3818 \"./dwarf2.c\"\ns = orig_bfd->sections;
We are passing 2079 7160 3818 #line 3818\nd = debug_bfd->sections;
We are passing 2087 7202 3845 #line 3845\n__inserted_bool = ! (i > 0);
We are passing 2087 7205 3846 #line 3846\n(p->section)->vma = (bfd_vma )0;
We are passing 2087 7206 3845 #line 3845\ni --;
We are passing 2087 7207 3845 #line 3845\np ++;
We are passing 2087 7192 1 #line 1 \"<compiler builtins>\"\ni = 0;
We are passing 2087 7193 3843 #line 3843 \"./dwarf2.c\"\ni = stash->adjusted_section_count;
We are passing 2087 7194 3844 #line 3844\np = stash->adjusted_sections;
We are passing 2092 7237 3871 #line 3871\n__inserted_bool = ! (i > 0);
We are passing 2092 7240 3872 #line 3872\n(p->section)->vma = p->adj_vma;
We are passing 2092 7241 3871 #line 3871\ni --;
We are passing 2092 7242 3871 #line 3871\np ++;
We are passing 2092 7228 3869 #line 3869\ni = stash->adjusted_section_count;
We are passing 2092 7229 3870 #line 3870\np = stash->adjusted_sections;
We are passing 2092 7226 3867 #line 3867\n__inserted_bool = stash->adjusted_section_count != 0;
We are passing 2092 7263 3883 #line 3883\n__inserted_bool = ! ((unsigned long )sect != (unsigned long )((void *)0));
We are passing 2092 7273 3887 #line 3887\n__inserted_bool = (sect->flags & 8192U) == 0U;
We are passing 2092 7270 3887 #line 3887\n__inserted_bool = (unsigned long )sect->output_section != (unsigned long )sect;
We are passing 2092 7279 3887 #line 3887\n__inserted_bool = sect->vma != 0UL;
We are passing 2092 7267 3887 #line 3887\n__inserted_bool = (unsigned long )sect->output_section != (unsigned long )((void *)0);
We are passing 2092 7286 3893 #line 3893\ntmp___1 = 1;
We are passing 2092 7291 3893 #line 3893\ntmp___1 = 1;
We are passing 2092 7292 3893 #line 3893\ntmp___1 = 0;
We are passing 2092 7289 3893 #line 3893\n__inserted_bool = tmp___0 == 0;
We are passing 2092 7287 3893 #line 3893\ntmp___0 = strncmp(sect->name,\n                  (char const   *)\".gnu.linkonce.wi.\",\n                  sizeof(\".gnu.linkonce.wi.\") - 1UL);
We are passing 2092 7284 3893 #line 3893\n__inserted_bool = tmp == 0;
We are passing 2092 7298 3896 #line 3896\n__inserted_bool = ! ((unsigned long )abfd == (unsigned long )orig_bfd);
We are passing 2092 7302 3896 #line 3896\n__inserted_bool = ! is_debug_info;
We are passing 2092 7295 3896 #line 3896\n__inserted_bool = (sect->flags & 1U) != 0U;
We are passing 2092 7282 3893 #line 3893\ntmp = strcmp(sect->name,\n             debug_info_name);
We are passing 2092 7293 3893 #line 3893\nis_debug_info = tmp___1;
We are passing 2092 7305 3900 #line 3900\ni ++;
We are passing 2092 7306 3883 __Cont: \n#line 3883\nsect = sect->next;
We are passing 2092 7311 3902 #line 3902\n__inserted_bool = (unsigned long )abfd == (unsigned long )stash->bfd_ptr;
We are passing 2092 7255 3883 #line 3883\nsect = abfd->sections;
We are passing 2092 7314 3904 #line 3904\nabfd = stash->bfd_ptr;
We are passing 2092 7321 3908 #line 3908\nstash->adjusted_section_count = -1;
We are passing 2092 7328 3915 #line 3915\n__inserted_bool = (unsigned long )p == (unsigned long )((void *)0);
We are passing 2092 7347 3926 #line 3926\n__inserted_bool = ! ((unsigned long )sect___0 != (unsigned long )((void *)0));
We are passing 2092 7357 3931 #line 3931\n__inserted_bool = (sect___0->flags & 8192U) == 0U;
We are passing 2092 7354 3931 #line 3931\n__inserted_bool = (unsigned long )sect___0->output_section != (unsigned long )sect___0;
We are passing 2092 7363 3931 #line 3931\n__inserted_bool = sect___0->vma != 0UL;
We are passing 2092 7351 3931 #line 3931\n__inserted_bool = (unsigned long )sect___0->output_section != (unsigned long )((void *)0);
We are passing 2092 7370 3937 #line 3937\ntmp___5 = 1;
We are passing 2092 7375 3937 #line 3937\ntmp___5 = 1;
We are passing 2092 7376 3937 #line 3937\ntmp___5 = 0;
We are passing 2092 7373 3937 #line 3937\n__inserted_bool = tmp___4 == 0;
We are passing 2092 7371 3937 #line 3937\ntmp___4 = strncmp(sect___0->name,\n                  (char const   *)\".gnu.linkonce.wi.\",\n                  sizeof(\".gnu.linkonce.wi.\") - 1UL);
We are passing 2092 7368 3937 #line 3937\n__inserted_bool = tmp___3 == 0;
We are passing 2092 7382 3940 #line 3940\n__inserted_bool = ! ((unsigned long )abfd == (unsigned long )orig_bfd);
We are passing 2092 7386 3940 #line 3940\n__inserted_bool = ! is_debug_info___0;
We are passing 2092 7379 3940 #line 3940\n__inserted_bool = (sect___0->flags & 1U) != 0U;
We are passing 2092 7390 3944 #line 3944\nsz = sect___0->rawsize;
We are passing 2092 7391 3944 #line 3944\nsz = sect___0->size;
We are passing 2092 7402 3948 #line 3948\nbfd_assert((char const   *)\"./dwarf2.c\",\n           3948);
We are passing 2092 7400 3948 #line 3948\n__inserted_bool = ! (sect___0->alignment_power == 0U);
We are passing 2092 7406 3949 while_break___4: \n#line 3949\nsect___0->vma = last_dwarf;
We are passing 2092 7407 3950 #line 3950\nlast_dwarf += sz;
We are passing 2092 7408 3956 #line 3956\nlast_vma = (last_vma + ~ (- (1UL << sect___0->alignment_power))) & - (1UL << sect___0->alignment_power);
We are passing 2092 7409 3959 #line 3959\nsect___0->vma = last_vma;
We are passing 2092 7410 3960 #line 3960\nlast_vma += sz;
We are passing 2092 7366 3937 #line 3937\ntmp___3 = strcmp(sect___0->name,\n                 debug_info_name);
We are passing 2092 7377 3937 #line 3937\nis_debug_info___0 = tmp___5;
We are passing 2092 7411 3963 #line 3963\np->section = sect___0;
We are passing 2092 7412 3964 #line 3964\np->adj_vma = sect___0->vma;
We are passing 2092 7413 3965 #line 3965\np ++;
We are passing 2092 7414 3926 __Cont___0: \n#line 3926\nsect___0 = sect___0->next;
We are passing 2092 7419 3967 #line 3967\n__inserted_bool = (unsigned long )abfd == (unsigned long )stash->bfd_ptr;
We are passing 2092 7339 3926 #line 3926\nsect___0 = abfd->sections;
We are passing 2092 7422 3969 #line 3969\nabfd = stash->bfd_ptr;
We are passing 2092 7322 3911 #line 3911\nlast_vma = (bfd_vma )0;
We are passing 2092 7323 3911 #line 3911\nlast_dwarf = (bfd_vma )0;
We are passing 2092 7324 3912 #line 3912\namt = (unsigned long )i * sizeof(struct adjusted_section );
We are passing 2092 7325 3914 #line 3914\ntmp___2 = bfd_malloc(amt);
We are passing 2092 7326 3914 #line 3914\np = (struct adjusted_section *)tmp___2;
We are passing 2092 7331 3918 #line 3918\nstash->adjusted_sections = p;
We are passing 2092 7332 3919 #line 3919\nstash->adjusted_section_count = i;
We are passing 2092 7333 3921 #line 3921\nabfd = orig_bfd;
We are passing 2092 7319 3907 #line 3907\n__inserted_bool = i <= 1;
We are passing 2092 7429 3974 #line 3974\nset_debug_vma(orig_bfd,\n              stash->bfd_ptr);
We are passing 2092 7427 3973 #line 3973\n__inserted_bool = (unsigned long )orig_bfd != (unsigned long )stash->bfd_ptr;
We are passing 2092 7212 1 #line 1 \"<compiler builtins>\"\ntmp___5 = 0;
We are passing 2092 7213 1 #line 1\ntmp___4 = 0;
We are passing 2092 7214 1 #line 1\ntmp___3 = 0;
We are passing 2092 7215 1 #line 1\nis_debug_info___0 = 0;
We are passing 2092 7216 1 #line 1\nsz = 0;
We are passing 2092 7217 1 #line 1\namt = 0;
We are passing 2092 7218 1 #line 1\nlast_dwarf = 0;
We are passing 2092 7219 1 #line 1\nlast_vma = 0;
We are passing 2092 7220 1 #line 1\ntmp___1 = 0;
We are passing 2092 7221 1 #line 1\ntmp___0 = 0;
We are passing 2092 7222 1 #line 1\ntmp = 0;
We are passing 2092 7223 1 #line 1\nis_debug_info = 0;
We are passing 2092 7224 1 #line 1\ni = 0;
We are passing 2092 7247 3876 #line 3876 \"./dwarf2.c\"\ndebug_info_name = (char const   *)(stash->debug_sections + 3)->uncompressed_name;
We are passing 2092 7248 3877 #line 3877\ni = 0;
We are passing 2092 7249 3878 #line 3878\nabfd = orig_bfd;
We are passing 2116 7444 4000 #line 4000\n__inserted_bool = ! node;
We are passing 2116 7456 4005 #line 4005\n__inserted_bool = ! arange;
We are passing 2116 7475 4015 #line 4015\nbest_fit = each_func;
We are passing 2116 7476 4016 #line 4016\nbest_fit_len = arange->high - arange->low;
We are passing 2116 7480 4015 #line 4015\nbest_fit = each_func;
We are passing 2116 7481 4016 #line 4016\nbest_fit_len = arange->high - arange->low;
We are passing 2116 7478 4009 #line 4009\n__inserted_bool = arange->high - arange->low < best_fit_len;
We are passing 2116 7473 4009 #line 4009\n__inserted_bool = ! best_fit;
We are passing 2116 7470 4009 #line 4009\n__inserted_bool = addr < arange->high;
We are passing 2116 7467 4009 #line 4009\n__inserted_bool = addr >= arange->low;
We are passing 2116 7464 4009 #line 4009\n__inserted_bool = (unsigned long )each_func->sec == (unsigned long )sec;
We are passing 2116 7460 4009 #line 4009\n__inserted_bool = ! each_func->sec;
We are passing 2116 7482 4005 #line 4005\narange = arange->next;
We are passing 2116 7447 4004 #line 4004\neach_func = (struct funcinfo *)node->info;
We are passing 2116 7448 4005 #line 4005\narange = & each_func->arange;
We are passing 2116 7485 4000 while_break___0: \n#line 4000\nnode = node->next;
We are passing 2116 7490 4023 #line 4023\nbest_fit->sec = sec;
We are passing 2116 7491 4024 #line 4024\n*filename_ptr = (char const   *)best_fit->file;
We are passing 2116 7492 4025 #line 4025\n*linenumber_ptr = (unsigned int )best_fit->line;
We are passing 2116 7431 1 #line 1 \"<compiler builtins>\"\nbest_fit_len = 0;
We are passing 2116 7432 3993 #line 3993 \"./dwarf2.c\"\nbest_fit = (struct funcinfo *)((void *)0);
We are passing 2116 7433 3994 #line 3994\nbest_fit_len = (bfd_vma )0;
We are passing 2116 7434 3997 #line 3997\nname = sym->name;
We are passing 2116 7435 3998 #line 3998\nsec = sym->section;
We are passing 2116 7436 4000 #line 4000\nnode = lookup_info_hash_table(hash_table,\n                              name);
We are passing 2134 7505 4050 #line 4050\n__inserted_bool = ! node;
We are passing 2134 7515 4058 #line 4058\neach->sec = sec;
We are passing 2134 7516 4059 #line 4059\n*filename_ptr = (char const   *)each->file;
We are passing 2134 7517 4060 #line 4060\n*linenumber_ptr = (unsigned int )each->line;
We are passing 2134 7522 4058 #line 4058\neach->sec = sec;
We are passing 2134 7523 4059 #line 4059\n*filename_ptr = (char const   *)each->file;
We are passing 2134 7524 4060 #line 4060\n*linenumber_ptr = (unsigned int )each->line;
We are passing 2134 7520 4055 #line 4055\n__inserted_bool = (unsigned long )each->sec == (unsigned long )sec;
We are passing 2134 7513 4055 #line 4055\n__inserted_bool = ! each->sec;
We are passing 2134 7510 4055 #line 4055\n__inserted_bool = each->addr == addr;
We are passing 2134 7508 4054 #line 4054\neach = (struct varinfo *)node->info;
We are passing 2134 7526 4050 #line 4050\nnode = node->next;
We are passing 2134 7495 4045 #line 4045\nname = sym->name;
We are passing 2134 7496 4046 #line 4046\nsec = sym->section;
We are passing 2134 7497 4050 #line 4050\nnode = lookup_info_hash_table(hash_table,\n                              name);
We are passing 2149 7533 4078 #line 4078\n__inserted_bool = (unsigned long )stash->all_comp_units == (unsigned long )stash->hash_units_head;
We are passing 2149 7537 4082 #line 4082\neach = (stash->hash_units_head)->prev_unit;
We are passing 2149 7538 4084 #line 4084\neach = stash->last_comp_unit;
We are passing 2149 7546 4086 #line 4086\n__inserted_bool = ! each;
We are passing 2149 7553 4091 #line 4091\nstash->info_hash_status = 2;
We are passing 2149 7551 4088 #line 4088\n__inserted_bool = ! tmp;
We are passing 2149 7549 4088 #line 4088\ntmp = comp_unit_hash_info(stash,\n                          each,\n                          stash->funcinfo_hash_table,\n                          stash->varinfo_hash_table);
We are passing 2149 7555 4094 #line 4094\neach = each->prev_unit;
We are passing 2149 7531 1 #line 1 \"<compiler builtins>\"\ntmp = 0;
We are passing 2149 7558 4097 while_break: \n#line 4097 \"./dwarf2.c\"\nstash->hash_units_head = stash->all_comp_units;
We are passing 2154 7570 4162 #line 4162\nbfd_assert((char const   *)\"./dwarf2.c\",\n           4162);
We are passing 2154 7568 4162 #line 4162\n__inserted_bool = ! (stash->info_hash_status == 0);
We are passing 2154 7577 4164 #line 4164\n__inserted_bool = tmp < 100;
We are passing 2154 7585 4176 #line 4176\nstash->info_hash_status = 2;
We are passing 2154 7590 4176 #line 4176\nstash->info_hash_status = 2;
We are passing 2154 7588 4173 #line 4173\n__inserted_bool = ! stash->varinfo_hash_table;
We are passing 2154 7583 4173 #line 4173\n__inserted_bool = ! stash->funcinfo_hash_table;
We are passing 2154 7560 1 #line 1 \"<compiler builtins>\"\ntmp = 0;
We are passing 2154 7574 4164 while_break: \n#line 4164 \"./dwarf2.c\"\ntmp = stash->info_hash_count;
We are passing 2154 7575 4164 #line 4164\n(stash->info_hash_count) ++;
We are passing 2154 7580 4171 #line 4171\nstash->funcinfo_hash_table = create_info_hash_table(abfd);
We are passing 2154 7581 4172 #line 4172\nstash->varinfo_hash_table = create_info_hash_table(abfd);
We are passing 2154 7592 4182 #line 4182\nstash_maybe_update_info_hash_tables(stash);
We are passing 2154 7593 4183 #line 4183\nstash->info_hash_status = 1;
We are passing 2160 7606 4198 #line 4198\nbfd_assert((char const   *)\"./dwarf2.c\",\n           4198);
We are passing 2160 7604 4198 #line 4198\n__inserted_bool = ! (stash->info_hash_status == 1);
We are passing 2160 7614 4201 #line 4201\ntmp = info_hash_lookup_funcinfo(stash->funcinfo_hash_table,\n                                sym,\n                                addr,\n                                filename_ptr,\n                                linenumber_ptr);
We are passing 2160 7612 4200 #line 4200\n__inserted_bool = sym->flags & (unsigned int )(1 << 3);
We are passing 2160 7595 1 #line 1 \"<compiler builtins>\"\ntmp___0 = 0;
We are passing 2160 7596 1 #line 1\ntmp = 0;
We are passing 2160 7616 4203 #line 4203 \"./dwarf2.c\"\ntmp___0 = info_hash_lookup_varinfo(stash->varinfo_hash_table,\n                                   sym,\n                                   addr,\n                                   filename_ptr,\n                                   linenumber_ptr);
We are passing 2173 7620 4215 #line 4215\n__inserted_bool = abfd->section_count == 0U;
We are passing 2173 7626 4218 #line 4218\n__inserted_bool = (unsigned long )stash->sec_vma == (unsigned long )((void *)0);
We are passing 2173 7638 4220 #line 4220\n__inserted_bool = ! (i < (unsigned int )abfd->section_count);
We are passing 2173 7644 4223 #line 4223\n*(stash->sec_vma + i) = (s->output_section)->vma + s->output_offset;
We are passing 2173 7645 4225 #line 4225\n*(stash->sec_vma + i) = s->vma;
We are passing 2173 7642 4222 #line 4222\n__inserted_bool = (unsigned long )s->output_section != (unsigned long )((void *)0);
We are passing 2173 7646 4220 #line 4220\ni ++;
We are passing 2173 7647 4220 #line 4220\ns = s->next;
We are passing 2173 7618 1 #line 1 \"<compiler builtins>\"\ni = 0;
We are passing 2173 7623 4217 #line 4217 \"./dwarf2.c\"\ntmp = bfd_malloc(sizeof(*(stash->sec_vma)) * (unsigned long )abfd->section_count);
We are passing 2173 7624 4217 #line 4217\nstash->sec_vma = (bfd_vma *)tmp;
We are passing 2173 7629 4220 #line 4220\ni = 0U;
We are passing 2173 7630 4220 #line 4220\ns = (asection *)abfd->sections;
We are passing 2181 7663 4243 #line 4243\n__inserted_bool = ! (i < (unsigned int )abfd->section_count);
We are passing 2181 7669 4248 #line 4248\nvma = (s->output_section)->vma + s->output_offset;
We are passing 2181 7670 4250 #line 4250\nvma = s->vma;
We are passing 2181 7667 4247 #line 4247\n__inserted_bool = (unsigned long )s->output_section != (unsigned long )((void *)0);
We are passing 2181 7672 4251 #line 4251\n__inserted_bool = vma != *(stash->sec_vma + i);
We are passing 2181 7675 4243 #line 4243\ni ++;
We are passing 2181 7676 4243 #line 4243\ns = s->next;
We are passing 2181 7652 1 #line 1 \"<compiler builtins>\"\nvma = 0;
We are passing 2181 7653 1 #line 1\ni = 0;
We are passing 2181 7654 4243 #line 4243 \"./dwarf2.c\"\ni = 0U;
We are passing 2181 7655 4243 #line 4243\ns = (asection *)abfd->sections;
We are passing 1197 7707 4283 #line 4283\n__inserted_bool = ! tmp;
We are passing 1197 7705 4283 #line 4283\ntmp = place_sections(abfd,\n                     stash);
We are passing 1197 7702 4281 #line 4281\n__inserted_bool = (unsigned long )stash->bfd_ptr != (unsigned long )((void *)0);
We are passing 1197 7699 4276 #line 4276\ntmp___0 = section_vma_same((bfd const   *)abfd,\n                           (struct dwarf2_debug  const  *)stash);
We are passing 1197 7697 4276 #line 4276\n__inserted_bool = (unsigned long )stash->orig_bfd == (unsigned long )abfd;
We are passing 1197 7712 4290 #line 4290\n_bfd_dwarf2_cleanup_debug_info(abfd,\n                               pinfo);
We are passing 1197 7713 4291 #line 4291\nmemset((void *)stash,\n       0,\n       amt);
We are passing 1197 7717 4296 #line 4296\n__inserted_bool = ! stash;
We are passing 1197 7714 4295 #line 4295\ntmp___1 = bfd_zalloc(abfd,\n                     amt);
We are passing 1197 7715 4295 #line 4295\nstash = (struct dwarf2_debug *)tmp___1;
We are passing 1197 7694 4274 #line 4274\n__inserted_bool = (unsigned long )stash != (unsigned long )((void *)0);
We are passing 1197 7725 4302 #line 4302\n__inserted_bool = ! tmp___2;
We are passing 1197 7732 4308 #line 4308\ndebug_bfd = abfd;
We are passing 1197 7730 4307 #line 4307\n__inserted_bool = (unsigned long )debug_bfd == (unsigned long )((void *)0);
We are passing 1197 7744 4317 #line 4317\ndebug_filename = bfd_follow_gnu_debuglink(abfd,\n                                          (char const   *)\"/usr/local/lib/debug\");
We are passing 1197 7742 4316 #line 4316\n__inserted_bool = (unsigned long )debug_filename == (unsigned long )((void *)0);
We are passing 1197 7746 4319 #line 4319\n__inserted_bool = (unsigned long )debug_filename == (unsigned long )((void *)0);
We are passing 1197 7767 4335 #line 4335\nbfd_close(debug_bfd);
We are passing 1197 7768 4337 #line 4337\nfree((void *)debug_filename);
We are passing 1197 7764 4327 #line 4327\n__inserted_bool = ! tmp___4;
We are passing 1197 7762 4327 #line 4327\ntmp___4 = bfd_generic_link_read_symbols(debug_bfd);
We are passing 1197 7759 4327 #line 4327\n__inserted_bool = (unsigned long )msec == (unsigned long )((void *)0);
We are passing 1197 7757 4327 #line 4327\nmsec = find_debug_info(debug_bfd,\n                       debug_sections,\n                       (asection *)((void *)0));
We are passing 1197 7754 4327 #line 4327\ndebug_bfd->flags |= 32768U;
We are passing 1197 7755 4327 #line 4327\ntmp___3 = bfd_check_format(debug_bfd,\n                           (bfd_format )1);
We are passing 1197 7751 4327 #line 4327\n__inserted_bool = (unsigned long )debug_bfd == (unsigned long )((void *)0);
We are passing 1197 7740 4315 #line 4315\ndebug_filename = bfd_follow_build_id_debuglink(abfd,\n                                               (char const   *)\"/usr/local/lib/debug\");
We are passing 1197 7749 4327 #line 4327\ndebug_bfd = bfd_openr((char const   *)debug_filename,\n                      (char const   *)((void *)0));
We are passing 1197 7771 4341 #line 4341\nsymbols = debug_bfd->outsymbols;
We are passing 1197 7772 4342 #line 4342\nstash->syms = symbols;
We are passing 1197 7773 4343 #line 4343\nstash->close_on_cleanup = 1;
We are passing 1197 7738 4311 #line 4311\n__inserted_bool = (unsigned long )abfd == (unsigned long )debug_bfd;
We are passing 1197 7735 4311 #line 4311\n__inserted_bool = (unsigned long )msec == (unsigned long )((void *)0);
We are passing 1197 7778 4347 #line 4347\n__inserted_bool = ! tmp___5;
We are passing 1197 7776 4347 #line 4347\ntmp___5 = place_sections(abfd,\n                         stash);
We are passing 1197 7791 4374 #line 4374\n__inserted_bool = ! msec;
We are passing 1197 7794 4377 #line 4377\ntotal_size += msec->size;
We are passing 1197 7795 4374 #line 4374\nmsec = find_debug_info(debug_bfd,\n                       debug_sections,\n                       msec);
We are passing 1197 7801 4380 #line 4380\n__inserted_bool = (unsigned long )stash->info_ptr_memory == (unsigned long )((void *)0);
We are passing 1197 7813 4384 #line 4384\n__inserted_bool = ! msec;
We are passing 1197 7818 4391 #line 4391\n__inserted_bool = size == 0UL;
We are passing 1197 7823 4394 #line 4394\n__inserted_bool = ! tmp___8;
We are passing 1197 7816 4390 #line 4390\nsize = msec->size;
We are passing 1197 7821 4394 #line 4394\ntmp___8 = bfd_simple_get_relocated_section_contents(debug_bfd,\n                                                    msec,\n                                                    stash->info_ptr_memory + total_size,\n                                                    symbols);
We are passing 1197 7826 4399 #line 4399\ntotal_size += size;
We are passing 1197 7827 4384 __Cont: \n#line 4384\nmsec = find_debug_info(debug_bfd,\n                       debug_sections,\n                       msec);
We are passing 1197 7783 4374 #line 4374\ntotal_size = (bfd_size_type )0;
We are passing 1197 7798 4379 while_break: \n#line 4379\ntmp___7 = bfd_malloc(total_size);
We are passing 1197 7799 4379 #line 4379\nstash->info_ptr_memory = (bfd_byte *)tmp___7;
We are passing 1197 7804 4383 #line 4383\ntotal_size = (bfd_size_type )0;
We are passing 1197 7805 4384 #line 4384\nmsec = find_debug_info(debug_bfd,\n                       debug_sections,\n                       (asection *)((void *)0));
We are passing 1197 7834 4366 #line 4366\n__inserted_bool = ! tmp___6;
We are passing 1197 7831 4365 #line 4365\ntotal_size = msec->size;
We are passing 1197 7832 4366 #line 4366\ntmp___6 = read_section(debug_bfd,\n                       stash->debug_sections + 3,\n                       symbols,\n                       (bfd_uint64_t )0,\n                       & stash->info_ptr_memory,\n                       & total_size);
We are passing 1197 7681 1 #line 1 \"<compiler builtins>\"\nsize = 0;
We are passing 1197 7682 1 #line 1\ntmp___6 = 0;
We are passing 1197 7683 1 #line 1\ntmp___5 = 0;
We are passing 1197 7684 1 #line 1\ntmp___4 = 0;
We are passing 1197 7685 1 #line 1\ntmp___3 = 0;
We are passing 1197 7686 1 #line 1\ntmp___2 = 0;
We are passing 1197 7687 1 #line 1\ntmp___0 = 0;
We are passing 1197 7688 1 #line 1\ntmp = 0;
We are passing 1197 7689 1 #line 1\ntotal_size = 0;
We are passing 1197 7690 1 #line 1\namt = 0;
We are passing 1197 7691 4269 #line 4269 \"./dwarf2.c\"\namt = sizeof(struct dwarf2_debug );
We are passing 1197 7692 4272 #line 4272\nstash = (struct dwarf2_debug *)*pinfo;
We are passing 1197 7720 4299 #line 4299\nstash->orig_bfd = abfd;
We are passing 1197 7721 4300 #line 4300\nstash->debug_sections = debug_sections;
We are passing 1197 7722 4301 #line 4301\nstash->syms = symbols;
We are passing 1197 7723 4302 #line 4302\ntmp___2 = save_section_vma((bfd const   *)abfd,\n                           stash);
We are passing 1197 7728 4305 #line 4305\n*pinfo = (void *)stash;
We are passing 1197 7733 4310 #line 4310\nmsec = find_debug_info(debug_bfd,\n                       debug_sections,\n                       (asection *)((void *)0));
We are passing 1197 7774 4345 #line 4345\nstash->bfd_ptr = debug_bfd;
We are passing 1197 7781 4362 #line 4362\ntmp___9 = find_debug_info(debug_bfd,\n                          debug_sections,\n                          msec);
We are passing 1197 7837 4403 #line 4403\nstash->info_ptr = stash->info_ptr_memory;
We are passing 1197 7838 4404 #line 4404\nstash->info_ptr_end = stash->info_ptr + total_size;
We are passing 1197 7839 4405 #line 4405\nstash->sec = find_debug_info(debug_bfd,\n                             debug_sections,\n                             (asection *)((void *)0));
We are passing 1197 7840 4406 #line 4406\nstash->sec_info_ptr = stash->info_ptr;
We are passing 1173 7845 4423 #line 4423\n__inserted_bool = (unsigned long )stash == (unsigned long )((void *)0);
We are passing 1173 7856 4426 #line 4426\n__inserted_bool = ! unit;
We are passing 1173 7865 4433 #line 4433\nunit->line_table = decode_line_info(unit,\n                                    stash);
We are passing 1173 7863 4432 #line 4432\n__inserted_bool = (unsigned long )unit->line_table == (unsigned long )((void *)0);
We are passing 1173 7869 4435 #line 4435\nscan_unit_for_symbols(unit);
We are passing 1173 7867 4434 #line 4434\n__inserted_bool = (unsigned long )unit->line_table != (unsigned long )((void *)0);
We are passing 1173 7860 4430 #line 4430\n__inserted_bool = (unsigned long )unit->function_table == (unsigned long )((void *)0);
We are passing 1173 7878 4438 #line 4438\n__inserted_bool = ! ((unsigned long )func != (unsigned long )((void *)0));
We are passing 1173 7891 4445 #line 4445\n__inserted_bool = ! ((unsigned long )*psym != (unsigned long )((void *)0));
We are passing 1173 7903 4449 #line 4449\n__inserted_bool = tmp == 0;
We are passing 1173 7901 4449 #line 4449\ntmp = strcmp(sym->name,\n             func->name);
We are passing 1173 7899 4449 #line 4449\n__inserted_bool = (unsigned long )sym->section != (unsigned long )((void *)0);
We are passing 1173 7896 4449 #line 4449\n__inserted_bool = sym->flags & (unsigned int )(1 << 3);
We are passing 1173 7894 4447 #line 4447\nsym = *psym;
We are passing 1173 7906 4445 #line 4445\npsym ++;
We are passing 1173 7883 4445 #line 4445\npsym = symbols;
We are passing 1173 7910 4438 #line 4438\nfunc = func->prev_func;
We are passing 1173 7870 4438 #line 4438\nfunc = unit->function_table;
We are passing 1173 7913 4426 while_break___0: \n#line 4426\nunit = unit->next_unit;
We are passing 1173 7842 1 #line 1 \"<compiler builtins>\"\ntmp = 0;
We are passing 1173 7843 4421 #line 4421 \"./dwarf2.c\"\nstash = (struct dwarf2_debug *)*pinfo;
We are passing 1173 7848 4426 #line 4426\nunit = stash->all_comp_units;
We are passing 1168 7946 4505 #line 4505\n*functionname_ptr = (char const   *)((void *)0);
We are passing 1168 7944 4504 #line 4504\n__inserted_bool = (unsigned long )functionname_ptr != (unsigned long )((void *)0);
We are passing 1168 7949 4508 #line 4508\n*discriminator_ptr = 0U;
We are passing 1168 7952 4510 #line 4510\n__inserted_bool = ! tmp;
We are passing 1168 7973 4520 #line 4520\nbfd_assert((char const   *)\"./dwarf2.c\",\n           4520);
We are passing 1168 7971 4520 #line 4520\n__inserted_bool = ! ((unsigned long )functionname_ptr == (unsigned long )((void *)0));
We are passing 1168 7974 4520 #line 4520\nbfd_assert((char const   *)\"./dwarf2.c\",\n           4520);
We are passing 1168 7968 4520 #line 4520\n__inserted_bool = offset == 0UL;
We are passing 1168 7975 4520 #line 4520\nbfd_assert((char const   *)\"./dwarf2.c\",\n           4520);
We are passing 1168 7965 4520 #line 4520\n__inserted_bool = (unsigned long )section == (unsigned long )((void *)0);
We are passing 1168 7979 4521 while_break: \n#line 4521\nsection = symbol->section;
We are passing 1168 7980 4522 #line 4522\naddr = symbol->value;
We are passing 1168 7993 4526 #line 4526\nbfd_assert((char const   *)\"./dwarf2.c\",\n           4526);
We are passing 1168 7991 4526 #line 4526\n__inserted_bool = ! ((unsigned long )functionname_ptr != (unsigned long )((void *)0));
We are passing 1168 7994 4526 #line 4526\nbfd_assert((char const   *)\"./dwarf2.c\",\n           4526);
We are passing 1168 7988 4526 #line 4526\n__inserted_bool = (unsigned long )section != (unsigned long )((void *)0);
We are passing 1168 8013 4546 #line 4546\n__inserted_bool = ! ((unsigned long )*tmp___0 != (unsigned long )((void *)0));
We are passing 1168 8031 4556 #line 4556\n__inserted_bool = (symbol->flags & (unsigned int )(1 << 1)) != 0U;
We are passing 1168 8028 4552 #line 4552\nsymbol = *tmp___0;
We are passing 1168 8029 4553 #line 4553\ndo_line = 1;
We are passing 1168 8026 4547 #line 4547\n__inserted_bool = ((*tmp___0)->flags & (unsigned int )(1 << 8)) == 0U;
We are passing 1168 8023 4547 #line 4547\n__inserted_bool = (*tmp___0)->value == offset;
We are passing 1168 8020 4547 #line 4547\n__inserted_bool = (unsigned long )(*tmp___0)->section == (unsigned long )section;
We are passing 1168 8017 4547 #line 4547\n__inserted_bool = (unsigned long )(*tmp___0)->the_bfd == (unsigned long )abfd;
We are passing 1168 8034 4546 #line 4546\ntmp___0 ++;
We are passing 1168 8005 4546 #line 4546\ntmp___0 = symbols;
We are passing 1168 8003 4542 #line 4542\n__inserted_bool = (section->flags & 16U) == 0U;
We are passing 1168 8000 4542 #line 4542\n__inserted_bool = (unsigned long )symbols != (unsigned long )((void *)0);
We are passing 1168 7998 4527 while_break___0: \n#line 4527\naddr = offset;
We are passing 1168 8039 4563 #line 4563\naddr += (section->output_section)->vma + section->output_offset;
We are passing 1168 8040 4565 #line 4565\naddr += section->vma;
We are passing 1168 8042 4569 #line 4569\n__inserted_bool = ! stash->info_ptr;
We are passing 1168 8050 4581 #line 4581\nstash_maybe_enable_info_hash_tables(abfd,\n                                    stash);
We are passing 1168 8048 4580 #line 4580\n__inserted_bool = stash->info_hash_status == 0;
We are passing 1168 8054 4586 #line 4586\nstash_maybe_update_info_hash_tables(stash);
We are passing 1168 8052 4585 #line 4585\n__inserted_bool = stash->info_hash_status == 1;
We are passing 1168 8058 4590 #line 4590\nfound = stash_find_line_fast(stash,\n                             symbol,\n                             addr,\n                             filename_ptr,\n                             linenumber_ptr);
We are passing 1168 8069 4598 #line 4598\n__inserted_bool = ! each;
We are passing 1168 8082 4603 _L: \n#line 4603\nfound = comp_unit_find_line(each,\n                            symbol,\n                            addr,\n                            filename_ptr,\n                            linenumber_ptr,\n                            stash);
We are passing 1168 8080 4599 #line 4599\ntmp___1 = comp_unit_contains_address(each,\n                                     addr);
We are passing 1168 8077 4599 #line 4599\n__inserted_bool = each->arange.high == 0UL;
We are passing 1168 8073 4599 #line 4599\n__inserted_bool = (symbol->flags & (unsigned int )(1 << 3)) == 0U;
We are passing 1168 8085 4598 #line 4598\neach = each->next_unit;
We are passing 1168 8061 4598 #line 4598\neach = stash->all_comp_units;
We are passing 1168 8056 4588 #line 4588\n__inserted_bool = stash->info_hash_status == 1;
We are passing 1168 8102 4618 #line 4618\n__inserted_bool = ! each;
We are passing 1168 8116 4622 #line 4622\ntmp___3 = 1;
We are passing 1168 8117 4622 #line 4622\ntmp___3 = 0;
We are passing 1168 8114 4622 #line 4622\n__inserted_bool = range != 0UL;
We are passing 1168 8112 4622 _L___0: \n#line 4622\nrange = comp_unit_find_nearest_line(each,\n                                    addr,\n                                    & local_filename,\n                                    & local_function,\n                                    & local_linenumber,\n                                    & local_discriminator,\n                                    stash);
We are passing 1168 8118 4622 #line 4622\ntmp___3 = 0;
We are passing 1168 8110 4622 #line 4622\ntmp___2 = comp_unit_contains_address(each,\n                                     addr);
We are passing 1168 8107 4622 #line 4622\n__inserted_bool = each->arange.high == 0UL;
We are passing 1168 8126 4646 #line 4646\n*filename_ptr = local_filename;
We are passing 1168 8128 4648 #line 4648\nfunction = local_function;
We are passing 1168 8131 4650 #line 4650\n*discriminator_ptr = local_discriminator;
We are passing 1168 8133 4652 #line 4652\n*linenumber_ptr = local_linenumber;
We are passing 1168 8134 4653 #line 4653\nmin_range = range;
We are passing 1168 8122 4643 #line 4643\n__inserted_bool = range <= min_range;
We are passing 1168 8105 4620 #line 4620\nrange = (bfd_vma )-1;
We are passing 1168 8119 4622 #line 4622\nfound = tmp___3;
We are passing 1168 8135 4618 #line 4618\neach = each->next_unit;
We are passing 1168 8140 4660 #line 4660\nfound = 1;
We are passing 1168 8089 4612 #line 4612\nmin_range = (bfd_vma )-1;
We are passing 1168 8090 4613 #line 4613\nlocal_filename = (char const   *)((void *)0);
We are passing 1168 8091 4614 #line 4614\nlocal_function = (struct funcinfo *)((void *)0);
We are passing 1168 8092 4615 #line 4615\nlocal_linenumber = 0U;
We are passing 1168 8093 4616 #line 4616\nlocal_discriminator = 0U;
We are passing 1168 8094 4618 #line 4618\neach = stash->all_comp_units;
We are passing 1168 8145 4669 #line 4669\naddr_size = 4U;
We are passing 1168 8143 4668 #line 4668\n__inserted_bool = addr_size == 0U;
We are passing 1168 8158 4670 #line 4670\nbfd_assert((char const   *)\"./dwarf2.c\",\n           4670);
We are passing 1168 8156 4670 #line 4670\n__inserted_bool = ! (addr_size == 8U);
We are passing 1168 8153 4670 #line 4670\n__inserted_bool = ! (addr_size == 4U);
We are passing 1168 8170 4673 #line 4673\n__inserted_bool = ! ((unsigned long )stash->info_ptr < (unsigned long )stash->info_ptr_end);
We are passing 1168 8180 4684 #line 4684\noffset_size = 8U;
We are passing 1168 8181 4685 #line 4685\nlength = read_8_bytes(stash->bfd_ptr,\n                      stash->info_ptr + 4,\n                      stash->info_ptr_end);
We are passing 1168 8182 4686 #line 4686\nstash->info_ptr += 12;
We are passing 1168 8186 4693 #line 4693\noffset_size = 8U;
We are passing 1168 8187 4694 #line 4694\ntmp___5 = read_4_bytes(stash->bfd_ptr,\n                       stash->info_ptr + 4,\n                       stash->info_ptr_end);
We are passing 1168 8188 4694 #line 4694\nlength = (bfd_vma )tmp___5;
We are passing 1168 8189 4695 #line 4695\nstash->info_ptr += 8;
We are passing 1168 8193 4708 #line 4708\noffset_size = 4U;
We are passing 1168 8194 4709 #line 4709\nstash->info_ptr += 4;
We are passing 1168 8195 4712 #line 4712\nstash->info_ptr += 4;
We are passing 1168 8191 4706 #line 4706\n__inserted_bool = addr_size == 8U;
We are passing 1168 8184 4691 #line 4691\n__inserted_bool = length == 0UL;
We are passing 1168 8178 4682 #line 4682\n__inserted_bool = length == 4294967295UL;
We are passing 1168 8200 4719 #line 4719\n__inserted_bool = (unsigned long )(stash->info_ptr + length) > (unsigned long )stash->info_ptr_end;
We are passing 1168 8205 4724 #line 4724\n__inserted_bool = ! each;
We are passing 1168 8212 4734 #line 4734\nfound = 0;
We are passing 1168 8214 4738 #line 4738\nstash->info_ptr = new_ptr;
We are passing 1168 8210 4731 #line 4731\n__inserted_bool = (unsigned long )new_ptr < (unsigned long )stash->info_ptr;
We are passing 1168 8216 4741 #line 4741\n(stash->all_comp_units)->prev_unit = each;
We are passing 1168 8217 4743 #line 4743\nstash->last_comp_unit = each;
We are passing 1168 8233 4754 #line 4754\ntmp___8 = 1;
We are passing 1168 8234 4754 #line 4754\ntmp___8 = 0;
We are passing 1168 8231 4754 _L___1: \n#line 4754\ntmp___7 = comp_unit_find_line(each,\n                              symbol,\n                              addr,\n                              filename_ptr,\n                              linenumber_ptr,\n                              stash);
We are passing 1168 8235 4754 #line 4754\ntmp___8 = 0;
We are passing 1168 8229 4754 #line 4754\ntmp___6 = comp_unit_contains_address(each,\n                                     addr);
We are passing 1168 8226 4754 #line 4754\n__inserted_bool = each->arange.high == 0UL;
We are passing 1168 8222 4754 #line 4754\n__inserted_bool = (symbol->flags & (unsigned int )(1 << 3)) == 0U;
We are passing 1168 8236 4754 #line 4754\nfound = tmp___8;
We are passing 1168 8247 4762 #line 4762\ntmp___11 = 1;
We are passing 1168 8248 4762 #line 4762\ntmp___11 = 0;
We are passing 1168 8245 4762 #line 4762\n__inserted_bool = tmp___10 != 0UL;
We are passing 1168 8243 4762 _L___2: \n#line 4762\ntmp___10 = comp_unit_find_nearest_line(each,\n                                       addr,\n                                       filename_ptr,\n                                       & function,\n                                       linenumber_ptr,\n                                       discriminator_ptr,\n                                       stash);
We are passing 1168 8249 4762 #line 4762\ntmp___11 = 0;
We are passing 1168 8241 4762 #line 4762\ntmp___9 = comp_unit_contains_address(each,\n                                     addr);
We are passing 1168 8238 4762 #line 4762\n__inserted_bool = each->arange.high == 0UL;
We are passing 1168 8250 4762 #line 4762\nfound = tmp___11;
We are passing 1168 8254 4774 #line 4774\nstash->sec = find_debug_info(stash->bfd_ptr,\n                             debug_sections,\n                             stash->sec);
We are passing 1168 8255 4776 #line 4776\nstash->sec_info_ptr = stash->info_ptr;
We are passing 1168 8252 4771 #line 4771\n__inserted_bool = (bfd_vma )(stash->info_ptr - stash->sec_info_ptr) == (stash->sec)->size;
We are passing 1168 8203 4722 #line 4722\neach = parse_comp_unit(stash,\n                       length,\n                       info_ptr_unit,\n                       offset_size);
We are passing 1168 8208 4729 #line 4729\nnew_ptr = stash->info_ptr + length;
We are passing 1168 8218 4745 #line 4745\neach->next_unit = stash->all_comp_units;
We are passing 1168 8219 4746 #line 4746\nstash->all_comp_units = each;
We are passing 1168 8197 4714 #line 4714\n__inserted_bool = length > 0UL;
We are passing 1168 8173 4676 #line 4676\noffset_size = addr_size;
We are passing 1168 8174 4677 #line 4677\ninfo_ptr_unit = stash->info_ptr;
We are passing 1168 8175 4679 #line 4679\ntmp___4 = read_4_bytes(stash->bfd_ptr,\n                       stash->info_ptr,\n                       stash->info_ptr_end);
We are passing 1168 8176 4679 #line 4679\nlength = (bfd_vma )tmp___4;
We are passing 1168 8266 4792 #line 4792\ntmp___12 = (char const   **)((void *)0);
We are passing 1168 8267 4792 #line 4792\ntmp___12 = filename_ptr;
We are passing 1168 8273 4797 #line 4797\nsec_vma = (section->output_section)->vma + section->output_offset;
We are passing 1168 8271 4796 #line 4796\n__inserted_bool = (unsigned long )section->output_section != (unsigned long )((void *)0);
We are passing 1168 8280 4800 #line 4800\nfunction->name = *functionname_ptr;
We are passing 1168 8278 4798 #line 4798\n__inserted_bool = fun->value + sec_vma == function->arange.low;
We are passing 1168 8275 4798 #line 4798\n__inserted_bool = (unsigned long )fun != (unsigned long )((void *)0);
We are passing 1168 8268 4792 #line 4792\nfun = _bfd_elf_find_function(abfd,\n                             symbols,\n                             section,\n                             offset,\n                             tmp___12,\n                             functionname_ptr);
We are passing 1168 8269 4795 #line 4795\nsec_vma = section->vma;
We are passing 1168 8281 4803 #line 4803\nfunction->is_linkage = 1;
We are passing 1168 8263 4787 #line 4787\n__inserted_bool = ! function->is_linkage;
We are passing 1168 8282 4805 #line 4805\n*functionname_ptr = function->name;
We are passing 1168 8286 4808 #line 4808\nunset_sections(stash);
We are passing 1168 8284 4807 #line 4807\n__inserted_bool = (abfd->flags & 66U) == 0U;
We are passing 1168 7918 1 #line 1 \"<compiler builtins>\"\nsec_vma = 0;
We are passing 1168 7919 1 #line 1\ntmp___11 = 0;
We are passing 1168 7920 1 #line 1\ntmp___10 = 0;
We are passing 1168 7921 1 #line 1\ntmp___9 = 0;
We are passing 1168 7922 1 #line 1\ntmp___8 = 0;
We are passing 1168 7923 1 #line 1\ntmp___7 = 0;
We are passing 1168 7924 1 #line 1\ntmp___6 = 0;
We are passing 1168 7925 1 #line 1\ntmp___5 = 0;
We are passing 1168 7926 1 #line 1\ntmp___4 = 0;
We are passing 1168 7927 1 #line 1\noffset_size = 0;
We are passing 1168 7928 1 #line 1\nlength = 0;
We are passing 1168 7929 1 #line 1\ntmp___3 = 0;
We are passing 1168 7930 1 #line 1\ntmp___2 = 0;
We are passing 1168 7931 1 #line 1\nrange = 0;
We are passing 1168 7932 1 #line 1\nlocal_discriminator = 0;
We are passing 1168 7933 1 #line 1\nlocal_linenumber = 0;
We are passing 1168 7934 1 #line 1\nmin_range = 0;
We are passing 1168 7935 1 #line 1\ntmp___1 = 0;
We are passing 1168 7936 1 #line 1\ntmp = 0;
We are passing 1168 7937 1 #line 1\ndo_line = 0;
We are passing 1168 7938 1 #line 1\nfound = 0;
We are passing 1168 7939 1 #line 1\naddr = 0;
We are passing 1168 7940 4499 #line 4499 \"./dwarf2.c\"\nfunction = (struct funcinfo *)((void *)0);
We are passing 1168 7941 4500 #line 4500\nfound = 0;
We are passing 1168 7942 4503 #line 4503\n*filename_ptr = (char const   *)((void *)0);
We are passing 1168 7947 4506 #line 4506\n*linenumber_ptr = 0U;
We are passing 1168 7950 4510 #line 4510\ntmp = _bfd_dwarf2_slurp_debug_info(abfd,\n                                   (bfd *)((void *)0),\n                                   debug_sections,\n                                   symbols,\n                                   pinfo,\n                                   (abfd->flags & 66U) == 0U);
We are passing 1168 7955 4515 #line 4515\nstash = (struct dwarf2_debug *)*pinfo;
We are passing 1168 7956 4517 #line 4517\ndo_line = (unsigned long )symbol != (unsigned long )((void *)0);
We are passing 1168 8045 4572 #line 4572\nstash->inliner_chain = (struct funcinfo *)((void *)0);
We are passing 1184 8293 4829 #line 4829\n*filename_ptr = (char const   *)func->caller_file;
We are passing 1184 8294 4830 #line 4830\n*functionname_ptr = (func->caller_func)->name;
We are passing 1184 8295 4831 #line 4831\n*linenumber_ptr = (unsigned int )func->caller_line;
We are passing 1184 8296 4832 #line 4832\nstash->inliner_chain = func->caller_func;
We are passing 1184 8290 4825 #line 4825\nfunc = stash->inliner_chain;
We are passing 1184 8288 4822 #line 4822\nstash = (struct dwarf2_debug *)*pinfo;
We are passing 1202 8306 4846 #line 4846\n__inserted_bool = (unsigned long )stash == (unsigned long )((void *)0);
We are passing 1202 8302 4846 #line 4846\n__inserted_bool = (unsigned long )abfd == (unsigned long )((void *)0);
We are passing 1202 8317 4849 #line 4849\n__inserted_bool = ! each;
We are passing 1202 8331 4856 #line 4856\n__inserted_bool = ! (i < 121UL);
We are passing 1202 8342 4860 #line 4860\n__inserted_bool = ! abbrev;
We are passing 1202 8345 4862 #line 4862\nfree((void *)abbrev->attrs);
We are passing 1202 8346 4863 #line 4863\nabbrev = abbrev->next;
We are passing 1202 8334 4858 #line 4858\nabbrev = *(abbrevs + i);
We are passing 1202 8349 4856 while_break___1: \n#line 4856\ni ++;
We are passing 1202 8354 4869 #line 4869\nfree((void *)(each->line_table)->dirs);
We are passing 1202 8355 4870 #line 4870\nfree((void *)(each->line_table)->files);
We are passing 1202 8363 4873 #line 4873\n__inserted_bool = ! function_table;
We are passing 1202 8367 4877 #line 4877\nfree((void *)function_table->file);
We are passing 1202 8368 4878 #line 4878\nfunction_table->file = (char *)((void *)0);
We are passing 1202 8370 4883 #line 4883\nfree((void *)function_table->caller_file);
We are passing 1202 8371 4884 #line 4884\nfunction_table->caller_file = (char *)((void *)0);
We are passing 1202 8372 4886 #line 4886\nfunction_table = function_table->prev_func;
We are passing 1202 8377 4891 #line 4891\nfree((void *)each->lookup_funcinfo_table);
We are passing 1202 8378 4892 #line 4892\neach->lookup_funcinfo_table = (struct lookup_funcinfo *)((void *)0);
We are passing 1202 8386 4895 #line 4895\n__inserted_bool = ! variable_table;
We are passing 1202 8390 4899 #line 4899\nfree((void *)variable_table->file);
We are passing 1202 8391 4900 #line 4900\nvariable_table->file = (char *)((void *)0);
We are passing 1202 8392 4903 #line 4903\nvariable_table = variable_table->prev_var;
We are passing 1202 8320 4851 #line 4851\nabbrevs = each->abbrevs;
We are passing 1202 8321 4852 #line 4852\nfunction_table = each->function_table;
We are passing 1202 8322 4853 #line 4853\nvariable_table = each->variable_table;
We are passing 1202 8323 4856 #line 4856\ni = (size_t )0;
We are passing 1202 8395 4849 while_break___3: \n#line 4849\neach = each->next_unit;
We are passing 1202 8400 4908 #line 4908\nfree((void *)stash->dwarf_abbrev_buffer);
We are passing 1202 8402 4910 #line 4910\nfree((void *)stash->dwarf_line_buffer);
We are passing 1202 8404 4912 #line 4912\nfree((void *)stash->dwarf_str_buffer);
We are passing 1202 8406 4914 #line 4914\nfree((void *)stash->dwarf_line_str_buffer);
We are passing 1202 8408 4916 #line 4916\nfree((void *)stash->dwarf_ranges_buffer);
We are passing 1202 8410 4918 #line 4918\nfree((void *)stash->info_ptr_memory);
We are passing 1202 8412 4920 #line 4920\nbfd_close(stash->bfd_ptr);
We are passing 1202 8414 4922 #line 4922\nfree((void *)stash->alt_dwarf_str_buffer);
We are passing 1202 8416 4924 #line 4924\nfree((void *)stash->alt_dwarf_info_buffer);
We are passing 1202 8418 4926 #line 4926\nfree((void *)stash->sec_vma);
We are passing 1202 8420 4928 #line 4928\nfree((void *)stash->adjusted_sections);
We are passing 1202 8422 4930 #line 4930\nbfd_close(stash->alt_bfd_ptr);
We are passing 1202 8299 1 #line 1 \"<compiler builtins>\"\ni = 0;
We are passing 1202 8300 4843 #line 4843 \"./dwarf2.c\"\nstash = (struct dwarf2_debug *)*pinfo;
We are passing 1202 8309 4849 #line 4849\neach = stash->all_comp_units;
We are passing 1241 8429 4952 #line 4952\n__inserted_bool = (unsigned long )symbols == (unsigned long )((void *)0);
We are passing 1241 8433 4955 #line 4955\n__inserted_bool = (unsigned int )(abfd->xvec)->flavour != 5U;
We are passing 1241 8444 4963 #line 4963\n__inserted_bool = (unsigned long )cache == (unsigned long )((void *)0);
We are passing 1241 8440 4961 #line 4961\ntmp = bfd_zalloc(abfd,\n                 sizeof(*cache));
We are passing 1241 8441 4961 #line 4961\ncache = (struct elf_find_function_cache *)tmp;
We are passing 1241 8442 4962 #line 4962\n(abfd->tdata.elf_obj_data)->elf_find_function_cache = (void *)cache;
We are passing 1241 8438 4959 #line 4959\n__inserted_bool = (unsigned long )cache == (unsigned long )((void *)0);
We are passing 1241 8478 4993 #line 4993\n__inserted_bool = ! ((unsigned long )*p != (unsigned long )((void *)0));
We are passing 1241 8489 5003 #line 5003\nstate = (enum __anonenum_state_760971534 )2;
We are passing 1241 8487 5002 #line 5002\n__inserted_bool = (unsigned int )state == 1U;
We are passing 1241 8485 5001 #line 5001\nfile = sym;
We are passing 1241 8483 4999 #line 4999\n__inserted_bool = (sym->flags & (unsigned int )(1 << 14)) != 0U;
We are passing 1241 8518 5021 #line 5021\ncache->filename = file->name;
We are passing 1241 8522 5021 #line 5021\ncache->filename = file->name;
We are passing 1241 8520 5018 #line 5018\n__inserted_bool = (unsigned int )state != 2U;
We are passing 1241 8516 5018 #line 5018\n__inserted_bool = (sym->flags & (unsigned int )(1 << 0)) != 0U;
We are passing 1241 8513 5018 #line 5018\n__inserted_bool = (unsigned long )file != (unsigned long )((void *)0);
We are passing 1241 8508 5014 _L: \n#line 5014\ncache->func = sym;
We are passing 1241 8509 5015 #line 5015\ncache->func_size = size;
We are passing 1241 8510 5016 #line 5016\ncache->filename = (char const   *)((void *)0);
We are passing 1241 8511 5017 #line 5017\nlow_func = code_off;
We are passing 1241 8506 5008 #line 5008\n__inserted_bool = size > cache->func_size;
We are passing 1241 8503 5008 #line 5008\n__inserted_bool = code_off == low_func;
We are passing 1241 8499 5008 #line 5008\n__inserted_bool = code_off > low_func;
We are passing 1241 8496 5008 #line 5008\n__inserted_bool = code_off <= offset;
We are passing 1241 8493 5008 #line 5008\n__inserted_bool = size != 0UL;
We are passing 1241 8526 5024 #line 5024\nstate = (enum __anonenum_state_760971534 )1;
We are passing 1241 8524 5023 #line 5023\n__inserted_bool = (unsigned int )state == 0U;
We are passing 1241 8481 4995 #line 4995\nsym = *p;
We are passing 1241 8491 5007 #line 5007\nsize = (*(bed->maybe_function_sym))((asymbol const   *)sym,\n                                    section,\n                                    & code_off);
We are passing 1241 8527 4993 __Cont: \n#line 4993\np ++;
We are passing 1241 8462 4983 _L___0: \n#line 4983\nbed = (struct elf_backend_data  const  *)(abfd->xvec)->backend_data;
We are passing 1241 8463 4985 #line 4985\nfile = (asymbol *)((void *)0);
We are passing 1241 8464 4986 #line 4986\nlow_func = (bfd_vma )0;
We are passing 1241 8465 4987 #line 4987\nstate = (enum __anonenum_state_760971534 )0;
We are passing 1241 8466 4988 #line 4988\ncache->filename = (char const   *)((void *)0);
We are passing 1241 8467 4989 #line 4989\ncache->func = (asymbol *)((void *)0);
We are passing 1241 8468 4990 #line 4990\ncache->func_size = (bfd_size_type )0;
We are passing 1241 8469 4991 #line 4991\ncache->last_section = section;
We are passing 1241 8470 4993 #line 4993\np = symbols;
We are passing 1241 8460 4966 #line 4966\n__inserted_bool = offset >= (cache->func)->value + cache->func_size;
We are passing 1241 8456 4966 #line 4966\n__inserted_bool = offset < (cache->func)->value;
We are passing 1241 8452 4966 #line 4966\n__inserted_bool = (unsigned long )cache->func == (unsigned long )((void *)0);
We are passing 1241 8448 4966 #line 4966\n__inserted_bool = (unsigned long )cache->last_section != (unsigned long )section;
We are passing 1241 8532 5028 #line 5028\n__inserted_bool = (unsigned long )cache->func == (unsigned long )((void *)0);
We are passing 1241 8536 5032 #line 5032\n*filename_ptr = cache->filename;
We are passing 1241 8538 5034 #line 5034\n*functionname_ptr = (cache->func)->name;
We are passing 1241 8424 1 #line 1 \"<compiler builtins>\"\nsize = 0;
We are passing 1241 8425 1 #line 1\ncode_off = 0;
We are passing 1241 8426 1 #line 1\nstate = 0;
We are passing 1241 8427 1 #line 1\nlow_func = 0;
We are passing 1241 8436 4958 #line 4958 \"./dwarf2.c\"\ncache = (struct elf_find_function_cache *)(abfd->tdata.elf_obj_data)->elf_find_function_cache;
[get_coverage_and_target] Trying to compile ...Got coverage and target fid,sid 
Target Line, Function ID, Stmt ID info: 2440, 1693, 5502 
get_target_stmtinfo...
[fid2fundec] 1168 1693
[fid2fundec] 1173 1693
[fid2fundec] 1184 1693
[fid2fundec] 1197 1693
[fid2fundec] 1202 1693
[fid2fundec] 1241 1693
[fid2fundec] 1243 1693
[fid2fundec] 1253 1693
[fid2fundec] 1259 1693
[fid2fundec] 1272 1693
[fid2fundec] 1280 1693
[fid2fundec] 1304 1693
[fid2fundec] 1311 1693
[fid2fundec] 1318 1693
[fid2fundec] 1326 1693
[fid2fundec] 1334 1693
[fid2fundec] 1342 1693
[fid2fundec] 1351 1693
[fid2fundec] 1362 1693
[fid2fundec] 1376 1693
[fid2fundec] 1390 1693
[fid2fundec] 1408 1693
[fid2fundec] 1419 1693
[fid2fundec] 1433 1693
[fid2fundec] 1440 1693
[fid2fundec] 1472 1693
[fid2fundec] 1476 1693
[fid2fundec] 1511 1693
[fid2fundec] 1522 1693
[fid2fundec] 1525 1693
[fid2fundec] 1531 1693
[fid2fundec] 1562 1693
[fid2fundec] 1581 1693
[fid2fundec] 1592 1693
[fid2fundec] 1599 1693
[fid2fundec] 1610 1693
[fid2fundec] 1621 1693
[fid2fundec] 1630 1693
[fid2fundec] 1642 1693
[fid2fundec] 1656 1693
[fid2fundec] 1693 1693
[fid2fundec] 1782 1693
[fid2fundec] 1799 1693
[fid2fundec] 1804 1693
[fid2fundec] 1811 1693
[fid2fundec] 1823 1693
[fid2fundec] 1841 1693
[fid2fundec] 1859 1693
[fid2fundec] 1874 1693
[fid2fundec] 1898 1693
[fid2fundec] 1914 1693
[fid2fundec] 1956 1693
[fid2fundec] 1997 1693
[fid2fundec] 2003 1693
[fid2fundec] 2021 1693
[fid2fundec] 2027 1693
[fid2fundec] 2043 1693
[fid2fundec] 2048 1693
[fid2fundec] 2053 1693
[fid2fundec] 2066 1693
[fid2fundec] 2079 1693
[fid2fundec] 2087 1693
[fid2fundec] 2092 1693
[fid2fundec] 2116 1693
[fid2fundec] 2134 1693
[fid2fundec] 2149 1693
[fid2fundec] 2154 1693
[fid2fundec] 2160 1693
[fid2fundec] 2173 1693
[fid2fundec] 2181 1693
stmt: #line 2440\n__inserted_bool = (int )lh.maximum_ops_per_insn == 1;
available exps before: (table->files + table->num_files)->dir
available exps before: (table->files + table->num_files)->name
available exps before: (table->files + table->num_files)->size
available exps before: (table->files + table->num_files)->time
available exps before: *(lh.standard_opcode_lengths + 0)
available exps before: *(lh.standard_opcode_lengths + i)
available exps before: stash->debug_sections
available exps before: stash->dwarf_line_buffer
available exps before: stash->dwarf_line_size
available exps before: table->abfd
available exps before: table->comp_dir
available exps before: table->files
available exps before: table->lcl_head
available exps before: table->num_dirs
available exps before: table->num_files
available exps before: table->num_sequences
available exps before: table->sequences
available exps before: unit->abfd
available exps before: unit->addr_size
available exps before: unit->arange
available exps before: unit->comp_dir
available exps before: unit->line_offset
available exps before: abfd
available exps before: address
available exps before: adj_opcode
available exps before: adjust
available exps before: amt
available exps before: bytes_read
available exps before: column
available exps before: cur_dir
available exps before: cur_file
available exps before: dir
available exps before: discriminator
available exps before: end_sequence
available exps before: exop_len
available exps before: extended_op
available exps before: file
available exps before: filename
available exps before: high_pc
available exps before: i
available exps before: is_stmt
available exps before: lh.default_is_stmt
available exps before: lh.line_base
available exps before: lh.line_range
available exps before: lh.maximum_ops_per_insn
available exps before: lh.minimum_instruction_length
available exps before: lh.opcode_base
available exps before: lh.prologue_length
available exps before: lh.standard_opcode_lengths
available exps before: lh.total_length
available exps before: lh.version
available exps before: line
available exps before: line_end
available exps before: line_ptr
available exps before: low_pc
available exps before: offset_size
available exps before: op_code
available exps before: op_index
available exps before: segment_selector_size
available exps before: size
available exps before: stash
available exps before: table
available exps before: unit
available exps before: xtime
--- Trying to fix: #line 2440\n__inserted_bool = (int )lh.maximum_ops_per_insn == 1; ---
 target fid sid : 1693 5502 
get_target_stmtinfo...
[fid2fundec] 1168 1693
[fid2fundec] 1173 1693
[fid2fundec] 1184 1693
[fid2fundec] 1197 1693
[fid2fundec] 1202 1693
[fid2fundec] 1241 1693
[fid2fundec] 1243 1693
[fid2fundec] 1253 1693
[fid2fundec] 1259 1693
[fid2fundec] 1272 1693
[fid2fundec] 1280 1693
[fid2fundec] 1304 1693
[fid2fundec] 1311 1693
[fid2fundec] 1318 1693
[fid2fundec] 1326 1693
[fid2fundec] 1334 1693
[fid2fundec] 1342 1693
[fid2fundec] 1351 1693
[fid2fundec] 1362 1693
[fid2fundec] 1376 1693
[fid2fundec] 1390 1693
[fid2fundec] 1408 1693
[fid2fundec] 1419 1693
[fid2fundec] 1433 1693
[fid2fundec] 1440 1693
[fid2fundec] 1472 1693
[fid2fundec] 1476 1693
[fid2fundec] 1511 1693
[fid2fundec] 1522 1693
[fid2fundec] 1525 1693
[fid2fundec] 1531 1693
[fid2fundec] 1562 1693
[fid2fundec] 1581 1693
[fid2fundec] 1592 1693
[fid2fundec] 1599 1693
[fid2fundec] 1610 1693
[fid2fundec] 1621 1693
[fid2fundec] 1630 1693
[fid2fundec] 1642 1693
[fid2fundec] 1656 1693
[fid2fundec] 1693 1693
[fid2fundec] 1782 1693
[fid2fundec] 1799 1693
[fid2fundec] 1804 1693
[fid2fundec] 1811 1693
[fid2fundec] 1823 1693
[fid2fundec] 1841 1693
[fid2fundec] 1859 1693
[fid2fundec] 1874 1693
[fid2fundec] 1898 1693
[fid2fundec] 1914 1693
[fid2fundec] 1956 1693
[fid2fundec] 1997 1693
[fid2fundec] 2003 1693
[fid2fundec] 2021 1693
[fid2fundec] 2027 1693
[fid2fundec] 2043 1693
[fid2fundec] 2048 1693
[fid2fundec] 2053 1693
[fid2fundec] 2066 1693
[fid2fundec] 2079 1693
[fid2fundec] 2087 1693
[fid2fundec] 2092 1693
[fid2fundec] 2116 1693
[fid2fundec] 2134 1693
[fid2fundec] 2149 1693
[fid2fundec] 2154 1693
[fid2fundec] 2160 1693
[fid2fundec] 2173 1693
[fid2fundec] 2181 1693
stmt: #line 2440\n__inserted_bool = (int )lh.maximum_ops_per_insn == 1;
available exps before: (table->files + table->num_files)->dir
available exps before: (table->files + table->num_files)->name
available exps before: (table->files + table->num_files)->size
available exps before: (table->files + table->num_files)->time
available exps before: *(lh.standard_opcode_lengths + 0)
available exps before: *(lh.standard_opcode_lengths + i)
available exps before: stash->debug_sections
available exps before: stash->dwarf_line_buffer
available exps before: stash->dwarf_line_size
available exps before: table->abfd
available exps before: table->comp_dir
available exps before: table->files
available exps before: table->lcl_head
available exps before: table->num_dirs
available exps before: table->num_files
available exps before: table->num_sequences
available exps before: table->sequences
available exps before: unit->abfd
available exps before: unit->addr_size
available exps before: unit->arange
available exps before: unit->comp_dir
available exps before: unit->line_offset
available exps before: abfd
available exps before: address
available exps before: adj_opcode
available exps before: adjust
available exps before: amt
available exps before: bytes_read
available exps before: column
available exps before: cur_dir
available exps before: cur_file
available exps before: dir
available exps before: discriminator
available exps before: end_sequence
available exps before: exop_len
available exps before: extended_op
available exps before: file
available exps before: filename
available exps before: high_pc
available exps before: i
available exps before: is_stmt
available exps before: lh.default_is_stmt
available exps before: lh.line_base
available exps before: lh.line_range
available exps before: lh.maximum_ops_per_insn
available exps before: lh.minimum_instruction_length
available exps before: lh.opcode_base
available exps before: lh.prologue_length
available exps before: lh.standard_opcode_lengths
available exps before: lh.total_length
available exps before: lh.version
available exps before: line
available exps before: line_end
available exps before: line_ptr
available exps before: low_pc
available exps before: offset_size
available exps before: op_code
available exps before: op_index
available exps before: segment_selector_size
available exps before: size
available exps before: stash
available exps before: table
available exps before: unit
available exps before: xtime
lv deref set : stash->dwarf_line_size / unsigned long 
lv_deref updated
lv deref set : table->num_dirs / unsigned int 
lv_deref updated
lv deref set : table->num_files / unsigned int 
lv_deref updated
lv deref set : table->num_sequences / unsigned int 
lv_deref updated
lv deref set : unit->addr_size / unsigned char 
lv_deref updated
lv deref set : unit->line_offset / unsigned long 
lv_deref updated
lv deref set : address / unsigned long 
lv_deref updated
lv deref set : adj_opcode / unsigned char 
lv_deref updated
lv deref set : amt / unsigned long 
lv_deref updated
lv deref set : bytes_read / unsigned int 
lv_deref updated
lv deref set : column / unsigned int 
lv_deref updated
lv deref set : discriminator / unsigned int 
lv_deref updated
lv deref set : end_sequence / int 
lv_deref updated
lv deref set : exop_len / unsigned int 
lv_deref updated
lv deref set : extended_op / unsigned char 
lv_deref updated
lv deref set : high_pc / unsigned long 
lv_deref updated
lv deref set : i / unsigned int 
lv_deref updated
lv deref set : is_stmt / int 
lv_deref updated
lv deref set : lh.default_is_stmt / unsigned char 
lv_deref updated
lv deref set : lh.line_base / int 
lv_deref updated
lv deref set : lh.line_range / unsigned char 
lv_deref updated
lv deref set : lh.maximum_ops_per_insn / unsigned char 
lv_deref updated
lv deref set : lh.minimum_instruction_length / unsigned char 
lv_deref updated
lv deref set : lh.opcode_base / unsigned char 
lv_deref updated
lv deref set : lh.prologue_length / unsigned long 
lv_deref updated
lv deref set : lh.total_length / unsigned long 
lv_deref updated
lv deref set : lh.version / unsigned short 
lv_deref updated
lv deref set : line / unsigned int 
lv_deref updated
lv deref set : low_pc / unsigned long 
lv_deref updated
lv deref set : offset_size / unsigned int 
lv_deref updated
lv deref set : op_code / unsigned char 
lv_deref updated
lv deref set : op_index / unsigned char 
lv_deref updated
var set : stash->dwarf_line_size 
var typ : unsigned long  
var set : table->num_dirs 
var typ : unsigned int  
var set : table->num_files 
var typ : unsigned int  
var set : table->num_sequences 
var typ : unsigned int  
var set : unit->addr_size 
var typ : unsigned char  
var set : unit->line_offset 
var typ : unsigned long  
var set : address 
var typ : unsigned long  
var set : adj_opcode 
var typ : unsigned char  
var set : amt 
var typ : unsigned long  
var set : bytes_read 
var typ : unsigned int  
var set : column 
var typ : unsigned int  
var set : discriminator 
var typ : unsigned int  
var set : end_sequence 
var typ : int  
var set : exop_len 
var typ : unsigned int  
var set : extended_op 
var typ : unsigned char  
var set : high_pc 
var typ : unsigned long  
var set : i 
var typ : unsigned int  
var set : is_stmt 
var typ : int  
var set : lh.default_is_stmt 
var typ : unsigned char  
var set : lh.line_base 
var typ : int  
var set : lh.line_range 
var typ : unsigned char  
var set : lh.maximum_ops_per_insn 
var typ : unsigned char  
var set : lh.minimum_instruction_length 
var typ : unsigned char  
var set : lh.opcode_base 
var typ : unsigned char  
var set : lh.prologue_length 
var typ : unsigned long  
var set : lh.total_length 
var typ : unsigned long  
var set : lh.version 
var typ : unsigned short  
var set : line 
var typ : unsigned int  
var set : low_pc 
var typ : unsigned long  
var set : offset_size 
var typ : unsigned int  
var set : op_code 
var typ : unsigned char  
var set : op_index 
var typ : unsigned char  
Check comp mem : stash : struct dwarf2_debug *Check comp mem : table : struct line_info_table *Check comp mem : table : struct line_info_table *Check comp mem : table : struct line_info_table *Check comp mem : unit : struct comp_unit *Check comp mem : unit : struct comp_unit *Exploit : /home/yuntong/vulnfix/data/binutils/cve_2017_15025/exploit
Seed path : /home/yuntong/vulnfix/data/binutils/cve_2017_15025/seed
Copying seed : /home/yuntong/vulnfix/data/binutils/cve_2017_15025/seed/bfdtest1.o
Copying seed : /home/yuntong/vulnfix/data/binutils/cve_2017_15025/seed/bfdtest2.o
Copying seed : /home/yuntong/vulnfix/data/binutils/cve_2017_15025/seed/not-strip.o
Copying seed : /home/yuntong/vulnfix/data/binutils/cve_2017_15025/seed/rename.o
Copying seed : /home/yuntong/vulnfix/data/binutils/cve_2017_15025/seed/seed_archive.a
Copying seed : /home/yuntong/vulnfix/data/binutils/cve_2017_15025/seed/exploit
Copying seed : /home/yuntong/vulnfix/data/binutils/cve_2017_15025/seed/version.o
Copying seed : /home/yuntong/vulnfix/data/binutils/cve_2017_15025/seed/arparse.o
Copying seed : /home/yuntong/vulnfix/data/binutils/cve_2017_15025/seed/addr2line.o
Copying seed : /home/yuntong/vulnfix/data/binutils/cve_2017_15025/seed/not-ranlib.o
Normal EmptyNormal empty :: no normal fuzzer run.
Crash :: Run fuzzer
fuzzer cmd : /home/yuntong/vulnfix/thirdparty/DAFL/afl-fuzz -C -t 2000ms -m none -s m -z -u n -i /home/yuntong/vulnfix/data/binutils/cve_2017_15025/runtime/afl-in -p /home/yuntong/vulnfix/data/binutils/cve_2017_15025/sparrow-out/bug/slice_dfg.txt -o /home/yuntong/vulnfix/data/binutils/cve_2017_15025/runtime/afl-out /home/yuntong/vulnfix/data/binutils/cve_2017_15025/runtime/nm-new.instrumented -A -a -l -S -s --special-syms --synthetic --with-symbol-versions @@
env_str cmd : PACFIX_COV_EXE=/home/yuntong/vulnfix/data/binutils/cve_2017_15025/runtime/nm-new.coverage PACFIX_COV_DIR=/home/yuntong/vulnfix/data/binutils/cve_2017_15025/repair-out AFL_NO_UI=1 PACFIX_TARGET_LINE=2441 PACFIX_VAL_EXE=/home/yuntong/vulnfix/data/binutils/cve_2017_15025/runtime/nm-new.valuation 
Fuzzing Cycle End. Proceed to Synthesis ...
HMAP : 8 / CNTMAP 8HMAP : 8 / CNTMAP 8# of Pos Memory file: 7, # of Neg Memory file: 1
Current time ellipsed : 61.000000
# of Pos Memory : 0, # of Neg Memory : 0
# of Pos Non-unique Samples : 72741, # of Neg Non-unique Samples : 1
Key : v_0_1693_5502_6419 \Key : v_0_1693_5502_6491 \Key : v_0_1693_5502_6584 \Key : v_0_1693_5502_6591 \Key : v_0_1693_5502_6702 \Key : v_0_1693_5502_6882 \Key : v_0_1693_5502_6930 \Key : v_0_1693_5502_6931 \Key : v_0_1693_5502_7026 \Key : v_0_1693_5502_7043 \Key : v_0_1693_5502_7115 \Key : v_0_1693_5502_7118 \Key : v_0_1693_5502_7160 \Key : v_0_1693_5502_7300 \Key : v_0_1693_5502_7332 \Key : v_0_1693_5502_7337 \Key : v_0_1693_5502_7343 \Key : v_0_1693_5502_7385 \Key : v_0_1693_5502_7421 \Key : v_0_1693_5502_7427 \Key : v_0_1693_5502_7437 \Key : v_0_1693_5502_7438 \Key : v_0_1693_5502_7441 \Key : v_0_1693_5502_7448 \Key : v_0_1693_5502_7455 \Key : v_0_1693_5502_7457 \Key : v_0_1693_5502_7466 \Key : v_0_1693_5502_7475 \Key : v_0_1693_5502_7477 \Key : v_0_1693_5502_7540 \Key : v_0_1693_5502_7541 \Key : v_0_1693_5502_7542 \# of Pos sample cnt (\w ptr) : 294, # of Neg sample cnt (\w ptr) : 1
Existing Var : stash->dwarf_line_size
Existing Var : lh.total_length
Existing Var : lh.prologue_length
Existing Var : offset_size
Existing Var : lh.version
Existing Var : lh.default_is_stmt
Existing Var : lh.line_base
Existing Var : adj_opcode
Existing Var : extended_op
Existing Var : end_sequence
Existing Var : unit->addr_size
Existing Var : unit->line_offset
Existing Var : amt
Existing Var : exop_len
Existing Var : discriminator
Existing Var : low_pc
Existing Var : high_pc
Existing Var : line
Existing Var : column
Existing Var : is_stmt
Existing Var : lh.opcode_base
Existing Var : lh.line_range
Existing Var : lh.minimum_instruction_length
Existing Var : lh.maximum_ops_per_insn
Existing Var : address
Existing Var : op_index
Existing Var : op_code
Existing Var : bytes_read
Existing Var : i
Existing Var : table->num_sequences
Existing Var : table->num_dirs
Existing Var : table->num_files
Number of lvs : 32
Number of int lvs : 32
Number of Non Zero : 32
Number of generated : 43136
Number of synthesized targets : 43136
Number of Validated Patches by Pos : 6184
# of Pos Valuations : 294, # of Neg Valuations : 1
Current Epsilon : 0.051787 / Hypothesis Space : 43136.000000 / # of Patch : 1397
Normal empty :: no normal fuzzer run.
Crash :: Run fuzzer
Fuzzing Cycle End. Proceed to Synthesis ...
HMAP : 8 / CNTMAP 8HMAP : 8 / CNTMAP 8# of Pos Memory file: 7, # of Neg Memory file: 1
Current time ellipsed : 121.000000
# of Pos Memory : 294, # of Neg Memory : 1
# of Pos Non-unique Samples : 140820, # of Neg Non-unique Samples : 1
# of Pos sample cnt (\w ptr) : 294, # of Neg sample cnt (\w ptr) : 1
# of Pos Valuations : 294, # of Neg Valuations : 1
Current Epsilon : 0.051787 / Hypothesis Space : 43136.000000 / # of Patch : 1397
Normal empty :: no normal fuzzer run.
Crash :: Run fuzzer
Fuzzing Cycle End. Proceed to Synthesis ...
HMAP : 8 / CNTMAP 8HMAP : 8 / CNTMAP 8# of Pos Memory file: 7, # of Neg Memory file: 1
Current time ellipsed : 181.000000
# of Pos Memory : 294, # of Neg Memory : 1
# of Pos Non-unique Samples : 200121, # of Neg Non-unique Samples : 1
# of Pos sample cnt (\w ptr) : 294, # of Neg sample cnt (\w ptr) : 1
# of Pos Valuations : 294, # of Neg Valuations : 1
Current Epsilon : 0.051787 / Hypothesis Space : 43136.000000 / # of Patch : 1397
Normal empty :: no normal fuzzer run.
Crash :: Run fuzzer
Fuzzing Cycle End. Proceed to Synthesis ...
HMAP : 8 / CNTMAP 8HMAP : 8 / CNTMAP 8# of Pos Memory file: 7, # of Neg Memory file: 1
Current time ellipsed : 241.000000
# of Pos Memory : 294, # of Neg Memory : 1
# of Pos Non-unique Samples : 257013, # of Neg Non-unique Samples : 1
# of Pos sample cnt (\w ptr) : 294, # of Neg sample cnt (\w ptr) : 1
# of Pos Valuations : 294, # of Neg Valuations : 1
Current Epsilon : 0.051787 / Hypothesis Space : 43136.000000 / # of Patch : 1397
Normal empty :: no normal fuzzer run.
Crash :: Run fuzzer
Fuzzing Cycle End. Proceed to Synthesis ...
HMAP : 8 / CNTMAP 8HMAP : 8 / CNTMAP 8# of Pos Memory file: 7, # of Neg Memory file: 1
Current time ellipsed : 301.000000
# of Pos Memory : 294, # of Neg Memory : 1
# of Pos Non-unique Samples : 313674, # of Neg Non-unique Samples : 1
# of Pos sample cnt (\w ptr) : 294, # of Neg sample cnt (\w ptr) : 1
# of Pos Valuations : 294, # of Neg Valuations : 1
Current Epsilon : 0.051787 / Hypothesis Space : 43136.000000 / # of Patch : 1397
Timeout Reached!
Stopping Fuzzer... 
Patches : table->num_files <= high_pc / 5
table->num_files <= high_pc / 4
table->num_files <= high_pc / 3
table->num_files <= high_pc / 2
table->num_dirs <= lh.line_range / 3
table->num_dirs <= lh.line_range / 2
table->num_dirs <= high_pc / 10
table->num_dirs <= high_pc / 9
table->num_dirs <= high_pc / 8
table->num_dirs <= high_pc / 7
table->num_dirs <= high_pc / 6
table->num_dirs <= high_pc / 5
table->num_dirs <= high_pc / 4
table->num_dirs <= high_pc / 3
table->num_dirs <= high_pc / 2
table->num_dirs <= exop_len / 2
i <= table->num_files / 10
i <= table->num_files / 9
i <= table->num_files / 8
i <= table->num_files / 7
i <= table->num_files / 6
i <= table->num_files / 5
i <= table->num_files / 4
i <= table->num_files / 3
i <= table->num_files / 2
i <= table->num_dirs / 10
i <= table->num_dirs / 9
i <= table->num_dirs / 8
i <= table->num_dirs / 7
i <= table->num_dirs / 6
i <= table->num_dirs / 5
i <= table->num_dirs / 4
i <= table->num_dirs / 3
i <= table->num_dirs / 2
i <= table->num_sequences / 10
i <= table->num_sequences / 9
i <= table->num_sequences / 8
i <= table->num_sequences / 7
i <= table->num_sequences / 6
i <= table->num_sequences / 5
i <= table->num_sequences / 4
i <= table->num_sequences / 3
i <= table->num_sequences / 2
i <= bytes_read / 10
i <= bytes_read / 9
i <= bytes_read / 8
i <= bytes_read / 7
i <= bytes_read / 6
i <= bytes_read / 5
i <= bytes_read / 4
i <= bytes_read / 3
i <= bytes_read / 2
i <= op_code / 10
i <= op_code / 9
i <= op_code / 8
i <= op_code / 7
i <= op_code / 6
i <= op_code / 5
i <= op_code / 4
i <= op_code / 3
i <= op_code / 2
i <= op_index / 10
i <= op_index / 9
i <= op_index / 8
i <= op_index / 7
i <= op_index / 6
i <= op_index / 5
i <= op_index / 4
i <= op_index / 3
i <= op_index / 2
i <= lh.maximum_ops_per_insn / 10
i <= lh.maximum_ops_per_insn / 9
i <= lh.maximum_ops_per_insn / 8
i <= lh.maximum_ops_per_insn / 7
i <= lh.maximum_ops_per_insn / 6
i <= lh.maximum_ops_per_insn / 5
i <= lh.maximum_ops_per_insn / 4
i <= lh.maximum_ops_per_insn / 3
i <= lh.maximum_ops_per_insn / 2
i <= lh.minimum_instruction_length / 10
i <= lh.minimum_instruction_length / 9
i <= lh.minimum_instruction_length / 8
i <= lh.minimum_instruction_length / 7
i <= lh.minimum_instruction_length / 6
i <= lh.minimum_instruction_length / 5
i <= lh.minimum_instruction_length / 4
i <= lh.minimum_instruction_length / 3
i <= lh.minimum_instruction_length / 2
i <= lh.line_range / 10
i <= lh.line_range / 9
i <= lh.line_range / 8
i <= lh.line_range / 7
i <= lh.line_range / 6
i <= lh.line_range / 5
i <= lh.line_range / 4
i <= lh.line_range / 3
i <= lh.line_range / 2
i <= lh.opcode_base / 10
i <= lh.opcode_base / 9
i <= lh.opcode_base / 8
i <= lh.opcode_base / 7
i <= lh.opcode_base / 6
i <= lh.opcode_base / 5
i <= lh.opcode_base / 4
i <= lh.opcode_base / 3
i <= lh.opcode_base / 2
i <= is_stmt / 10
i <= is_stmt / 9
i <= is_stmt / 8
i <= is_stmt / 7
i <= is_stmt / 6
i <= is_stmt / 5
i <= is_stmt / 4
i <= is_stmt / 3
i <= is_stmt / 2
i <= column / 10
i <= column / 9
i <= column / 8
i <= column / 7
i <= column / 6
i <= column / 5
i <= column / 4
i <= column / 3
i <= column / 2
i <= line / 10
i <= line / 9
i <= line / 8
i <= line / 7
i <= line / 6
i <= line / 5
i <= line / 4
i <= line / 3
i <= line / 2
i <= high_pc / 10
i <= high_pc / 9
i <= high_pc / 8
i <= high_pc / 7
i <= high_pc / 6
i <= high_pc / 5
i <= high_pc / 4
i <= high_pc / 3
i <= high_pc / 2
i <= low_pc / 10
i <= low_pc / 9
i <= low_pc / 8
i <= low_pc / 7
i <= low_pc / 6
i <= low_pc / 5
i <= low_pc / 4
i <= low_pc / 3
i <= low_pc / 2
i <= discriminator / 10
i <= discriminator / 9
i <= discriminator / 8
i <= discriminator / 7
i <= discriminator / 6
i <= discriminator / 5
i <= discriminator / 4
i <= discriminator / 3
i <= discriminator / 2
i <= exop_len / 10
i <= exop_len / 9
i <= exop_len / 8
i <= exop_len / 7
i <= exop_len / 6
i <= exop_len / 5
i <= exop_len / 4
i <= exop_len / 3
i <= exop_len / 2
i <= amt / 10
i <= amt / 9
i <= amt / 8
i <= amt / 7
i <= amt / 6
i <= amt / 5
i <= amt / 4
i <= amt / 3
i <= amt / 2
i <= unit->line_offset / 10
i <= unit->line_offset / 9
i <= unit->line_offset / 8
i <= unit->line_offset / 7
i <= unit->line_offset / 6
i <= unit->line_offset / 5
i <= unit->line_offset / 4
i <= unit->line_offset / 3
i <= unit->line_offset / 2
i <= unit->addr_size / 10
i <= unit->addr_size / 9
i <= unit->addr_size / 8
i <= unit->addr_size / 7
i <= unit->addr_size / 6
i <= unit->addr_size / 5
i <= unit->addr_size / 4
i <= unit->addr_size / 3
i <= unit->addr_size / 2
i <= end_sequence / 10
i <= end_sequence / 9
i <= end_sequence / 8
i <= end_sequence / 7
i <= end_sequence / 6
i <= end_sequence / 5
i <= end_sequence / 4
i <= end_sequence / 3
i <= end_sequence / 2
i <= extended_op / 10
i <= extended_op / 9
i <= extended_op / 8
i <= extended_op / 7
i <= extended_op / 6
i <= extended_op / 5
i <= extended_op / 4
i <= extended_op / 3
i <= extended_op / 2
i <= adj_opcode / 10
i <= adj_opcode / 9
i <= adj_opcode / 8
i <= adj_opcode / 7
i <= adj_opcode / 6
i <= adj_opcode / 5
i <= adj_opcode / 4
i <= adj_opcode / 3
i <= adj_opcode / 2
i <= lh.line_base / 10
i <= lh.line_base / 9
i <= lh.line_base / 8
i <= lh.line_base / 7
i <= lh.line_base / 6
i <= lh.default_is_stmt / 10
i <= lh.default_is_stmt / 9
i <= lh.default_is_stmt / 8
i <= lh.default_is_stmt / 7
i <= lh.default_is_stmt / 6
i <= lh.default_is_stmt / 5
i <= lh.default_is_stmt / 4
i <= lh.default_is_stmt / 3
i <= lh.default_is_stmt / 2
i <= lh.version / 10
i <= lh.version / 9
i <= lh.version / 8
i <= lh.version / 7
i <= lh.version / 6
i <= lh.version / 5
i <= lh.version / 4
i <= lh.version / 3
i <= lh.version / 2
i <= offset_size / 10
i <= offset_size / 9
i <= offset_size / 8
i <= offset_size / 7
i <= offset_size / 6
i <= offset_size / 5
i <= offset_size / 4
i <= offset_size / 3
i <= offset_size / 2
i <= lh.prologue_length / 10
i <= lh.prologue_length / 9
i <= lh.prologue_length / 8
i <= lh.prologue_length / 7
i <= lh.prologue_length / 6
i <= lh.prologue_length / 5
i <= lh.prologue_length / 4
i <= lh.prologue_length / 3
i <= lh.total_length / 10
i <= lh.total_length / 9
i <= lh.total_length / 8
i <= lh.total_length / 7
i <= lh.total_length / 6
i <= lh.total_length / 5
i <= lh.total_length / 4
i <= stash->dwarf_line_size / 10
i <= stash->dwarf_line_size / 9
i <= stash->dwarf_line_size / 8
i <= stash->dwarf_line_size / 7
i <= stash->dwarf_line_size / 6
i <= stash->dwarf_line_size / 5
i <= stash->dwarf_line_size / 4
bytes_read <= lh.line_range / 7
bytes_read <= lh.line_range / 6
bytes_read <= lh.line_range / 5
bytes_read <= lh.line_range / 4
bytes_read <= lh.line_range / 3
bytes_read <= lh.line_range / 2
bytes_read <= high_pc / 7
bytes_read <= high_pc / 6
bytes_read <= high_pc / 5
bytes_read <= high_pc / 4
bytes_read <= high_pc / 3
bytes_read <= high_pc / 2
bytes_read <= exop_len / 4
bytes_read <= exop_len / 3
bytes_read <= exop_len / 2
lh.maximum_ops_per_insn <= lh.line_range / 10
lh.maximum_ops_per_insn <= lh.line_range / 9
lh.maximum_ops_per_insn <= lh.line_range / 8
lh.maximum_ops_per_insn <= lh.line_range / 7
lh.maximum_ops_per_insn <= lh.line_range / 6
lh.maximum_ops_per_insn <= lh.line_range / 5
lh.maximum_ops_per_insn <= lh.line_range / 4
lh.maximum_ops_per_insn <= lh.line_range / 3
lh.maximum_ops_per_insn <= lh.line_range / 2
lh.maximum_ops_per_insn <= high_pc / 7
lh.maximum_ops_per_insn <= high_pc / 6
lh.maximum_ops_per_insn <= high_pc / 5
lh.maximum_ops_per_insn <= high_pc / 4
lh.maximum_ops_per_insn <= high_pc / 3
lh.maximum_ops_per_insn <= high_pc / 2
lh.maximum_ops_per_insn <= exop_len / 9
lh.maximum_ops_per_insn <= exop_len / 8
lh.maximum_ops_per_insn <= exop_len / 7
lh.maximum_ops_per_insn <= exop_len / 6
lh.maximum_ops_per_insn <= exop_len / 5
lh.maximum_ops_per_insn <= exop_len / 4
lh.maximum_ops_per_insn <= exop_len / 3
lh.maximum_ops_per_insn <= exop_len / 2
lh.maximum_ops_per_insn <= extended_op / 2
lh.maximum_ops_per_insn <= lh.version / 4
lh.maximum_ops_per_insn <= lh.version / 3
lh.minimum_instruction_length <= lh.line_range / 10
lh.minimum_instruction_length <= lh.line_range / 9
lh.minimum_instruction_length <= lh.line_range / 8
lh.minimum_instruction_length <= lh.line_range / 7
lh.minimum_instruction_length <= lh.line_range / 6
lh.minimum_instruction_length <= lh.line_range / 5
lh.minimum_instruction_length <= lh.line_range / 4
lh.minimum_instruction_length <= lh.line_range / 3
lh.minimum_instruction_length <= lh.line_range / 2
lh.minimum_instruction_length <= high_pc / 7
lh.minimum_instruction_length <= high_pc / 6
lh.minimum_instruction_length <= high_pc / 5
lh.minimum_instruction_length <= high_pc / 4
lh.minimum_instruction_length <= high_pc / 3
lh.minimum_instruction_length <= high_pc / 2
lh.minimum_instruction_length <= exop_len / 9
lh.minimum_instruction_length <= exop_len / 8
lh.minimum_instruction_length <= exop_len / 7
lh.minimum_instruction_length <= exop_len / 6
lh.minimum_instruction_length <= exop_len / 5
lh.minimum_instruction_length <= exop_len / 4
lh.minimum_instruction_length <= exop_len / 3
lh.minimum_instruction_length <= exop_len / 2
lh.minimum_instruction_length <= extended_op / 2
lh.minimum_instruction_length <= lh.version / 4
lh.minimum_instruction_length <= lh.version / 3
lh.opcode_base <= lh.total_length / 6
lh.opcode_base <= lh.total_length / 5
lh.opcode_base <= lh.total_length / 4
lh.opcode_base <= stash->dwarf_line_size / 6
lh.opcode_base <= stash->dwarf_line_size / 5
lh.opcode_base <= stash->dwarf_line_size / 4
amt <= lh.total_length / 6
amt <= lh.total_length / 5
amt <= lh.total_length / 4
amt <= stash->dwarf_line_size / 6
amt <= stash->dwarf_line_size / 5
amt <= stash->dwarf_line_size / 4
lh.line_base <= table->num_files / 10
lh.line_base <= table->num_files / 9
lh.line_base <= table->num_files / 8
lh.line_base <= table->num_files / 7
lh.line_base <= table->num_files / 6
lh.line_base <= table->num_files / 5
lh.line_base <= table->num_files / 4
lh.line_base <= table->num_files / 3
lh.line_base <= table->num_files / 2
lh.line_base <= table->num_dirs / 10
lh.line_base <= table->num_dirs / 9
lh.line_base <= table->num_dirs / 8
lh.line_base <= table->num_dirs / 7
lh.line_base <= table->num_dirs / 6
lh.line_base <= table->num_dirs / 5
lh.line_base <= table->num_dirs / 4
lh.line_base <= table->num_dirs / 3
lh.line_base <= table->num_dirs / 2
lh.line_base <= table->num_sequences / 10
lh.line_base <= table->num_sequences / 9
lh.line_base <= table->num_sequences / 8
lh.line_base <= table->num_sequences / 7
lh.line_base <= table->num_sequences / 6
lh.line_base <= table->num_sequences / 5
lh.line_base <= table->num_sequences / 4
lh.line_base <= table->num_sequences / 3
lh.line_base <= table->num_sequences / 2
lh.line_base <= bytes_read / 10
lh.line_base <= bytes_read / 9
lh.line_base <= bytes_read / 8
lh.line_base <= bytes_read / 7
lh.line_base <= bytes_read / 6
lh.line_base <= bytes_read / 5
lh.line_base <= bytes_read / 4
lh.line_base <= bytes_read / 3
lh.line_base <= bytes_read / 2
lh.line_base <= op_code / 10
lh.line_base <= op_code / 9
lh.line_base <= op_code / 8
lh.line_base <= op_code / 7
lh.line_base <= op_code / 6
lh.line_base <= op_code / 5
lh.line_base <= op_code / 4
lh.line_base <= op_code / 3
lh.line_base <= op_code / 2
lh.line_base <= op_index / 10
lh.line_base <= op_index / 9
lh.line_base <= op_index / 8
lh.line_base <= op_index / 7
lh.line_base <= op_index / 6
lh.line_base <= op_index / 5
lh.line_base <= op_index / 4
lh.line_base <= op_index / 3
lh.line_base <= op_index / 2
lh.line_base <= lh.maximum_ops_per_insn / 10
lh.line_base <= lh.maximum_ops_per_insn / 9
lh.line_base <= lh.maximum_ops_per_insn / 8
lh.line_base <= lh.maximum_ops_per_insn / 7
lh.line_base <= lh.maximum_ops_per_insn / 6
lh.line_base <= lh.maximum_ops_per_insn / 5
lh.line_base <= lh.maximum_ops_per_insn / 4
lh.line_base <= lh.maximum_ops_per_insn / 3
lh.line_base <= lh.maximum_ops_per_insn / 2
lh.line_base <= lh.minimum_instruction_length / 10
lh.line_base <= lh.minimum_instruction_length / 9
lh.line_base <= lh.minimum_instruction_length / 8
lh.line_base <= lh.minimum_instruction_length / 7
lh.line_base <= lh.minimum_instruction_length / 6
lh.line_base <= lh.minimum_instruction_length / 5
lh.line_base <= lh.minimum_instruction_length / 4
lh.line_base <= lh.minimum_instruction_length / 3
lh.line_base <= lh.minimum_instruction_length / 2
lh.line_base <= lh.line_range / 10
lh.line_base <= lh.line_range / 9
lh.line_base <= lh.line_range / 8
lh.line_base <= lh.line_range / 7
lh.line_base <= lh.line_range / 6
lh.line_base <= lh.line_range / 5
lh.line_base <= lh.line_range / 4
lh.line_base <= lh.line_range / 3
lh.line_base <= lh.line_range / 2
lh.line_base <= is_stmt / 10
lh.line_base <= is_stmt / 9
lh.line_base <= is_stmt / 8
lh.line_base <= is_stmt / 7
lh.line_base <= is_stmt / 6
lh.line_base <= is_stmt / 5
lh.line_base <= is_stmt / 4
lh.line_base <= is_stmt / 3
lh.line_base <= is_stmt / 2
lh.line_base <= column / 10
lh.line_base <= column / 9
lh.line_base <= column / 8
lh.line_base <= column / 7
lh.line_base <= column / 6
lh.line_base <= column / 5
lh.line_base <= column / 4
lh.line_base <= column / 3
lh.line_base <= column / 2
lh.line_base <= line / 10
lh.line_base <= line / 9
lh.line_base <= line / 8
lh.line_base <= line / 7
lh.line_base <= line / 6
lh.line_base <= line / 5
lh.line_base <= line / 4
lh.line_base <= line / 3
lh.line_base <= line / 2
lh.line_base <= high_pc / 10
lh.line_base <= high_pc / 9
lh.line_base <= high_pc / 8
lh.line_base <= high_pc / 7
lh.line_base <= high_pc / 6
lh.line_base <= high_pc / 5
lh.line_base <= high_pc / 4
lh.line_base <= high_pc / 3
lh.line_base <= high_pc / 2
lh.line_base <= low_pc / 10
lh.line_base <= low_pc / 9
lh.line_base <= low_pc / 8
lh.line_base <= low_pc / 7
lh.line_base <= low_pc / 6
lh.line_base <= low_pc / 5
lh.line_base <= low_pc / 4
lh.line_base <= low_pc / 3
lh.line_base <= low_pc / 2
lh.line_base <= discriminator / 10
lh.line_base <= discriminator / 9
lh.line_base <= discriminator / 8
lh.line_base <= discriminator / 7
lh.line_base <= discriminator / 6
lh.line_base <= discriminator / 5
lh.line_base <= discriminator / 4
lh.line_base <= discriminator / 3
lh.line_base <= discriminator / 2
lh.line_base <= exop_len / 10
lh.line_base <= exop_len / 9
lh.line_base <= exop_len / 8
lh.line_base <= exop_len / 7
lh.line_base <= exop_len / 6
lh.line_base <= exop_len / 5
lh.line_base <= exop_len / 4
lh.line_base <= exop_len / 3
lh.line_base <= exop_len / 2
lh.line_base <= unit->line_offset / 10
lh.line_base <= unit->line_offset / 9
lh.line_base <= unit->line_offset / 8
lh.line_base <= unit->line_offset / 7
lh.line_base <= unit->line_offset / 6
lh.line_base <= unit->line_offset / 5
lh.line_base <= unit->line_offset / 4
lh.line_base <= unit->line_offset / 3
lh.line_base <= unit->line_offset / 2
lh.line_base <= unit->addr_size / 10
lh.line_base <= unit->addr_size / 9
lh.line_base <= unit->addr_size / 8
lh.line_base <= unit->addr_size / 7
lh.line_base <= unit->addr_size / 6
lh.line_base <= unit->addr_size / 5
lh.line_base <= unit->addr_size / 4
lh.line_base <= unit->addr_size / 3
lh.line_base <= unit->addr_size / 2
lh.line_base <= end_sequence / 10
lh.line_base <= end_sequence / 9
lh.line_base <= end_sequence / 8
lh.line_base <= end_sequence / 7
lh.line_base <= end_sequence / 6
lh.line_base <= end_sequence / 5
lh.line_base <= end_sequence / 4
lh.line_base <= end_sequence / 3
lh.line_base <= end_sequence / 2
lh.line_base <= extended_op / 10
lh.line_base <= extended_op / 9
lh.line_base <= extended_op / 8
lh.line_base <= extended_op / 7
lh.line_base <= extended_op / 6
lh.line_base <= extended_op / 5
lh.line_base <= extended_op / 4
lh.line_base <= extended_op / 3
lh.line_base <= extended_op / 2
lh.line_base <= adj_opcode / 10
lh.line_base <= adj_opcode / 9
lh.line_base <= adj_opcode / 8
lh.line_base <= adj_opcode / 7
lh.line_base <= adj_opcode / 6
lh.line_base <= adj_opcode / 5
lh.line_base <= adj_opcode / 4
lh.line_base <= adj_opcode / 3
lh.line_base <= adj_opcode / 2
lh.line_base <= lh.default_is_stmt / 10
lh.line_base <= lh.default_is_stmt / 9
lh.line_base <= lh.default_is_stmt / 8
lh.line_base <= lh.default_is_stmt / 7
lh.line_base <= lh.default_is_stmt / 6
lh.line_base <= lh.default_is_stmt / 5
lh.line_base <= lh.default_is_stmt / 4
lh.line_base <= lh.default_is_stmt / 3
lh.line_base <= lh.default_is_stmt / 2
lh.line_base <= lh.version / 10
lh.line_base <= lh.version / 9
lh.line_base <= lh.version / 8
lh.line_base <= lh.version / 7
lh.line_base <= lh.version / 6
lh.line_base <= lh.version / 5
lh.line_base <= lh.version / 4
lh.line_base <= lh.version / 3
lh.line_base <= lh.version / 2
lh.line_base <= offset_size / 10
lh.line_base <= offset_size / 9
lh.line_base <= offset_size / 8
lh.line_base <= offset_size / 7
lh.line_base <= offset_size / 6
lh.line_base <= offset_size / 5
lh.line_base <= offset_size / 4
lh.line_base <= offset_size / 3
lh.line_base <= offset_size / 2
lh.version <= lh.line_range / 3
lh.version <= lh.line_range / 2
lh.version <= exop_len / 2
offset_size <= lh.line_range / 3
offset_size <= lh.line_range / 2
offset_size <= exop_len / 2
lh.prologue_length <= lh.total_length / 2
lh.prologue_length <= stash->dwarf_line_size / 2
table->num_files - i >= 1
table->num_files - lh.line_base >= 6
table->num_files - lh.line_base >= 5
table->num_files - lh.line_base >= 4
table->num_files - lh.line_base >= 3
table->num_files - lh.line_base >= 2
table->num_dirs - lh.line_base >= 5
table->num_dirs - lh.line_base >= 4
table->num_dirs - lh.line_base >= 3
table->num_dirs - lh.line_base >= 2
table->num_dirs - lh.line_base >= 1
table->num_sequences - i >= 1
table->num_sequences - op_index >= 1
table->num_sequences - discriminator >= 1
table->num_sequences - unit->line_offset >= 1
table->num_sequences - end_sequence >= 1
table->num_sequences - lh.line_base >= 6
table->num_sequences - lh.line_base >= 5
table->num_sequences - lh.line_base >= 4
table->num_sequences - lh.line_base >= 3
table->num_sequences - lh.line_base >= 2
table->num_sequences - lh.line_base >= 1
bytes_read - i >= 1
bytes_read - lh.line_base >= 6
bytes_read - lh.line_base >= 5
bytes_read - lh.line_base >= 4
bytes_read - lh.line_base >= 3
bytes_read - lh.line_base >= 2
bytes_read - lh.line_base >= 1
op_code - i >= 8
op_code - i >= 7
op_code - i >= 6
op_code - i >= 5
op_code - i >= 4
op_code - i >= 3
op_code - i >= 2
op_code - i >= 1
op_code - lh.line_base >= 10
op_code - lh.line_base >= 9
op_code - lh.line_base >= 8
op_code - lh.line_base >= 7
op_code - lh.line_base >= 6
op_code - lh.line_base >= 5
op_code - lh.line_base >= 4
op_index - lh.line_base >= 5
op_index - lh.line_base >= 4
op_index - lh.line_base >= 3
op_index - lh.line_base >= 2
op_index - lh.line_base >= 1
lh.maximum_ops_per_insn - i >= 1
lh.maximum_ops_per_insn - lh.line_base >= 6
lh.maximum_ops_per_insn - lh.line_base >= 5
lh.maximum_ops_per_insn - lh.line_base >= 4
lh.maximum_ops_per_insn - lh.line_base >= 3
lh.maximum_ops_per_insn - lh.line_base >= 2
lh.maximum_ops_per_insn - lh.line_base >= 1
lh.minimum_instruction_length - i >= 1
lh.minimum_instruction_length - lh.line_base >= 6
lh.minimum_instruction_length - lh.line_base >= 5
lh.minimum_instruction_length - lh.line_base >= 4
lh.minimum_instruction_length - lh.line_base >= 3
lh.minimum_instruction_length - lh.line_base >= 2
lh.minimum_instruction_length - lh.line_base >= 1
lh.line_range - table->num_files >= 5
lh.line_range - table->num_files >= 4
lh.line_range - table->num_files >= 3
lh.line_range - table->num_files >= 2
lh.line_range - table->num_files >= 1
lh.line_range - table->num_dirs >= 10
lh.line_range - table->num_dirs >= 9
lh.line_range - table->num_dirs >= 8
lh.line_range - table->num_dirs >= 7
lh.line_range - table->num_dirs >= 6
lh.line_range - table->num_dirs >= 5
lh.line_range - table->num_dirs >= 4
lh.line_range - table->num_dirs >= 3
lh.line_range - table->num_dirs >= 2
lh.line_range - table->num_dirs >= 1
lh.line_range - table->num_sequences >= 10
lh.line_range - table->num_sequences >= 9
lh.line_range - table->num_sequences >= 8
lh.line_range - table->num_sequences >= 7
lh.line_range - table->num_sequences >= 6
lh.line_range - table->num_sequences >= 5
lh.line_range - table->num_sequences >= 4
lh.line_range - table->num_sequences >= 3
lh.line_range - table->num_sequences >= 2
lh.line_range - table->num_sequences >= 1
lh.line_range - i >= 10
lh.line_range - i >= 9
lh.line_range - i >= 8
lh.line_range - i >= 7
lh.line_range - i >= 6
lh.line_range - i >= 5
lh.line_range - i >= 4
lh.line_range - i >= 3
lh.line_range - i >= 2
lh.line_range - i >= 1
lh.line_range - bytes_read >= 10
lh.line_range - bytes_read >= 9
lh.line_range - bytes_read >= 8
lh.line_range - bytes_read >= 7
lh.line_range - bytes_read >= 6
lh.line_range - bytes_read >= 5
lh.line_range - bytes_read >= 4
lh.line_range - bytes_read >= 3
lh.line_range - bytes_read >= 2
lh.line_range - bytes_read >= 1
lh.line_range - op_code >= 6
lh.line_range - op_code >= 5
lh.line_range - op_code >= 4
lh.line_range - op_code >= 3
lh.line_range - op_code >= 2
lh.line_range - op_code >= 1
lh.line_range - op_index >= 10
lh.line_range - op_index >= 9
lh.line_range - op_index >= 8
lh.line_range - op_index >= 7
lh.line_range - op_index >= 6
lh.line_range - op_index >= 5
lh.line_range - op_index >= 4
lh.line_range - op_index >= 3
lh.line_range - op_index >= 2
lh.line_range - op_index >= 1
lh.line_range - lh.maximum_ops_per_insn >= 10
lh.line_range - lh.maximum_ops_per_insn >= 9
lh.line_range - lh.maximum_ops_per_insn >= 8
lh.line_range - lh.maximum_ops_per_insn >= 7
lh.line_range - lh.maximum_ops_per_insn >= 6
lh.line_range - lh.maximum_ops_per_insn >= 5
lh.line_range - lh.maximum_ops_per_insn >= 4
lh.line_range - lh.maximum_ops_per_insn >= 3
lh.line_range - lh.maximum_ops_per_insn >= 2
lh.line_range - lh.maximum_ops_per_insn >= 1
lh.line_range - lh.minimum_instruction_length >= 10
lh.line_range - lh.minimum_instruction_length >= 9
lh.line_range - lh.minimum_instruction_length >= 8
lh.line_range - lh.minimum_instruction_length >= 7
lh.line_range - lh.minimum_instruction_length >= 6
lh.line_range - lh.minimum_instruction_length >= 5
lh.line_range - lh.minimum_instruction_length >= 4
lh.line_range - lh.minimum_instruction_length >= 3
lh.line_range - lh.minimum_instruction_length >= 2
lh.line_range - lh.minimum_instruction_length >= 1
lh.line_range - lh.opcode_base >= 1
lh.line_range - is_stmt >= 10
lh.line_range - is_stmt >= 9
lh.line_range - is_stmt >= 8
lh.line_range - is_stmt >= 7
lh.line_range - is_stmt >= 6
lh.line_range - is_stmt >= 5
lh.line_range - is_stmt >= 4
lh.line_range - is_stmt >= 3
lh.line_range - is_stmt >= 2
lh.line_range - is_stmt >= 1
lh.line_range - discriminator >= 10
lh.line_range - discriminator >= 9
lh.line_range - discriminator >= 8
lh.line_range - discriminator >= 7
lh.line_range - discriminator >= 6
lh.line_range - discriminator >= 5
lh.line_range - discriminator >= 4
lh.line_range - discriminator >= 3
lh.line_range - discriminator >= 2
lh.line_range - discriminator >= 1
lh.line_range - exop_len >= 5
lh.line_range - exop_len >= 4
lh.line_range - exop_len >= 3
lh.line_range - exop_len >= 2
lh.line_range - exop_len >= 1
lh.line_range - amt >= 1
lh.line_range - unit->line_offset >= 10
lh.line_range - unit->line_offset >= 9
lh.line_range - unit->line_offset >= 8
lh.line_range - unit->line_offset >= 7
lh.line_range - unit->line_offset >= 6
lh.line_range - unit->line_offset >= 5
lh.line_range - unit->line_offset >= 4
lh.line_range - unit->line_offset >= 3
lh.line_range - unit->line_offset >= 2
lh.line_range - unit->line_offset >= 1
lh.line_range - unit->addr_size >= 6
lh.line_range - unit->addr_size >= 5
lh.line_range - unit->addr_size >= 4
lh.line_range - unit->addr_size >= 3
lh.line_range - unit->addr_size >= 2
lh.line_range - unit->addr_size >= 1
lh.line_range - end_sequence >= 10
lh.line_range - end_sequence >= 9
lh.line_range - end_sequence >= 8
lh.line_range - end_sequence >= 7
lh.line_range - end_sequence >= 6
lh.line_range - end_sequence >= 5
lh.line_range - end_sequence >= 4
lh.line_range - end_sequence >= 3
lh.line_range - end_sequence >= 2
lh.line_range - end_sequence >= 1
lh.line_range - extended_op >= 10
lh.line_range - extended_op >= 9
lh.line_range - extended_op >= 8
lh.line_range - extended_op >= 7
lh.line_range - extended_op >= 6
lh.line_range - extended_op >= 5
lh.line_range - extended_op >= 4
lh.line_range - extended_op >= 3
lh.line_range - extended_op >= 2
lh.line_range - extended_op >= 1
lh.line_range - lh.line_base >= 16
lh.line_range - lh.line_base >= 10
lh.line_range - lh.line_base >= 9
lh.line_range - lh.line_base >= 8
lh.line_range - lh.line_base >= 7
lh.line_range - lh.line_base >= 6
lh.line_range - lh.line_base >= 5
lh.line_range - lh.line_base >= 4
lh.line_range - lh.line_base >= 3
lh.line_range - lh.line_base >= 2
lh.line_range - lh.line_base >= 1
lh.line_range - lh.default_is_stmt >= 10
lh.line_range - lh.default_is_stmt >= 9
lh.line_range - lh.default_is_stmt >= 8
lh.line_range - lh.default_is_stmt >= 7
lh.line_range - lh.default_is_stmt >= 6
lh.line_range - lh.default_is_stmt >= 5
lh.line_range - lh.default_is_stmt >= 4
lh.line_range - lh.default_is_stmt >= 3
lh.line_range - lh.default_is_stmt >= 2
lh.line_range - lh.default_is_stmt >= 1
lh.line_range - lh.version >= 10
lh.line_range - lh.version >= 9
lh.line_range - lh.version >= 8
lh.line_range - lh.version >= 7
lh.line_range - lh.version >= 6
lh.line_range - lh.version >= 5
lh.line_range - lh.version >= 4
lh.line_range - lh.version >= 3
lh.line_range - lh.version >= 2
lh.line_range - lh.version >= 1
lh.line_range - offset_size >= 10
lh.line_range - offset_size >= 9
lh.line_range - offset_size >= 8
lh.line_range - offset_size >= 7
lh.line_range - offset_size >= 6
lh.line_range - offset_size >= 5
lh.line_range - offset_size >= 4
lh.line_range - offset_size >= 3
lh.line_range - offset_size >= 2
lh.line_range - offset_size >= 1
lh.opcode_base - i >= 10
lh.opcode_base - i >= 9
lh.opcode_base - i >= 8
lh.opcode_base - i >= 7
lh.opcode_base - i >= 6
lh.opcode_base - i >= 5
lh.opcode_base - i >= 4
lh.opcode_base - i >= 3
lh.opcode_base - i >= 2
lh.opcode_base - i >= 1
is_stmt - lh.line_base >= 5
is_stmt - lh.line_base >= 4
is_stmt - lh.line_base >= 3
is_stmt - lh.line_base >= 2
is_stmt - lh.line_base >= 1
column - lh.line_base >= 5
column - lh.line_base >= 4
column - lh.line_base >= 3
column - lh.line_base >= 2
column - lh.line_base >= 1
line - lh.line_base >= 5
line - lh.line_base >= 4
line - lh.line_base >= 3
line - lh.line_base >= 2
line - lh.line_base >= 1
high_pc - table->num_files >= 6
high_pc - table->num_files >= 5
high_pc - table->num_files >= 4
high_pc - table->num_files >= 3
high_pc - table->num_files >= 2
high_pc - table->num_files >= 1
high_pc - table->num_dirs >= 7
high_pc - table->num_dirs >= 6
high_pc - table->num_dirs >= 5
high_pc - table->num_dirs >= 4
high_pc - table->num_dirs >= 3
high_pc - table->num_dirs >= 2
high_pc - table->num_dirs >= 1
high_pc - table->num_sequences >= 6
high_pc - table->num_sequences >= 5
high_pc - table->num_sequences >= 4
high_pc - table->num_sequences >= 3
high_pc - table->num_sequences >= 2
high_pc - table->num_sequences >= 1
high_pc - i >= 7
high_pc - i >= 6
high_pc - i >= 5
high_pc - i >= 4
high_pc - i >= 3
high_pc - i >= 2
high_pc - i >= 1
high_pc - bytes_read >= 6
high_pc - bytes_read >= 5
high_pc - bytes_read >= 4
high_pc - bytes_read >= 3
high_pc - bytes_read >= 2
high_pc - bytes_read >= 1
high_pc - op_index >= 7
high_pc - op_index >= 6
high_pc - op_index >= 5
high_pc - op_index >= 4
high_pc - op_index >= 3
high_pc - op_index >= 2
high_pc - op_index >= 1
high_pc - lh.maximum_ops_per_insn >= 6
high_pc - lh.maximum_ops_per_insn >= 5
high_pc - lh.maximum_ops_per_insn >= 4
high_pc - lh.maximum_ops_per_insn >= 3
high_pc - lh.maximum_ops_per_insn >= 2
high_pc - lh.maximum_ops_per_insn >= 1
high_pc - lh.minimum_instruction_length >= 6
high_pc - lh.minimum_instruction_length >= 5
high_pc - lh.minimum_instruction_length >= 4
high_pc - lh.minimum_instruction_length >= 3
high_pc - lh.minimum_instruction_length >= 2
high_pc - lh.minimum_instruction_length >= 1
high_pc - is_stmt >= 6
high_pc - is_stmt >= 5
high_pc - is_stmt >= 4
high_pc - is_stmt >= 3
high_pc - is_stmt >= 2
high_pc - is_stmt >= 1
high_pc - low_pc >= 6
high_pc - low_pc >= 5
high_pc - low_pc >= 4
high_pc - low_pc >= 3
high_pc - low_pc >= 2
high_pc - discriminator >= 7
high_pc - discriminator >= 6
high_pc - discriminator >= 5
high_pc - discriminator >= 4
high_pc - discriminator >= 3
high_pc - discriminator >= 2
high_pc - discriminator >= 1
high_pc - unit->line_offset >= 7
high_pc - unit->line_offset >= 6
high_pc - unit->line_offset >= 5
high_pc - unit->line_offset >= 4
high_pc - unit->line_offset >= 3
high_pc - unit->line_offset >= 2
high_pc - unit->line_offset >= 1
high_pc - end_sequence >= 7
high_pc - end_sequence >= 6
high_pc - end_sequence >= 5
high_pc - end_sequence >= 4
high_pc - end_sequence >= 3
high_pc - end_sequence >= 2
high_pc - end_sequence >= 1
high_pc - extended_op >= 5
high_pc - extended_op >= 4
high_pc - extended_op >= 3
high_pc - extended_op >= 2
high_pc - extended_op >= 1
high_pc - lh.line_base >= 10
high_pc - lh.line_base >= 9
high_pc - lh.line_base >= 8
high_pc - lh.line_base >= 7
high_pc - lh.line_base >= 6
high_pc - lh.line_base >= 5
high_pc - lh.line_base >= 4
high_pc - lh.line_base >= 3
high_pc - lh.line_base >= 2
high_pc - lh.line_base >= 1
high_pc - lh.default_is_stmt >= 6
high_pc - lh.default_is_stmt >= 5
high_pc - lh.default_is_stmt >= 4
high_pc - lh.default_is_stmt >= 3
high_pc - lh.default_is_stmt >= 2
high_pc - lh.default_is_stmt >= 1
high_pc - lh.version >= 3
high_pc - lh.version >= 2
high_pc - lh.version >= 1
high_pc - offset_size >= 3
high_pc - offset_size >= 2
high_pc - offset_size >= 1
low_pc - lh.line_base >= 5
low_pc - lh.line_base >= 4
low_pc - lh.line_base >= 3
low_pc - lh.line_base >= 2
low_pc - lh.line_base >= 1
discriminator - lh.line_base >= 5
discriminator - lh.line_base >= 4
discriminator - lh.line_base >= 3
discriminator - lh.line_base >= 2
discriminator - lh.line_base >= 1
exop_len - table->num_dirs >= 5
exop_len - table->num_dirs >= 4
exop_len - table->num_dirs >= 3
exop_len - table->num_dirs >= 2
exop_len - table->num_dirs >= 1
exop_len - table->num_sequences >= 5
exop_len - table->num_sequences >= 4
exop_len - table->num_sequences >= 3
exop_len - table->num_sequences >= 2
exop_len - table->num_sequences >= 1
exop_len - i >= 9
exop_len - i >= 8
exop_len - i >= 7
exop_len - i >= 6
exop_len - i >= 5
exop_len - i >= 4
exop_len - i >= 3
exop_len - i >= 2
exop_len - i >= 1
exop_len - bytes_read >= 7
exop_len - bytes_read >= 6
exop_len - bytes_read >= 5
exop_len - bytes_read >= 4
exop_len - bytes_read >= 3
exop_len - bytes_read >= 2
exop_len - bytes_read >= 1
exop_len - op_code >= 1
exop_len - op_index >= 9
exop_len - op_index >= 8
exop_len - op_index >= 7
exop_len - op_index >= 6
exop_len - op_index >= 5
exop_len - op_index >= 4
exop_len - op_index >= 3
exop_len - op_index >= 2
exop_len - op_index >= 1
exop_len - lh.maximum_ops_per_insn >= 8
exop_len - lh.maximum_ops_per_insn >= 7
exop_len - lh.maximum_ops_per_insn >= 6
exop_len - lh.maximum_ops_per_insn >= 5
exop_len - lh.maximum_ops_per_insn >= 4
exop_len - lh.maximum_ops_per_insn >= 3
exop_len - lh.maximum_ops_per_insn >= 2
exop_len - lh.maximum_ops_per_insn >= 1
exop_len - lh.minimum_instruction_length >= 8
exop_len - lh.minimum_instruction_length >= 7
exop_len - lh.minimum_instruction_length >= 6
exop_len - lh.minimum_instruction_length >= 5
exop_len - lh.minimum_instruction_length >= 4
exop_len - lh.minimum_instruction_length >= 3
exop_len - lh.minimum_instruction_length >= 2
exop_len - lh.minimum_instruction_length >= 1
exop_len - is_stmt >= 8
exop_len - is_stmt >= 7
exop_len - is_stmt >= 6
exop_len - is_stmt >= 5
exop_len - is_stmt >= 4
exop_len - is_stmt >= 3
exop_len - is_stmt >= 2
exop_len - is_stmt >= 1
exop_len - discriminator >= 9
exop_len - discriminator >= 8
exop_len - discriminator >= 7
exop_len - discriminator >= 6
exop_len - discriminator >= 5
exop_len - discriminator >= 4
exop_len - discriminator >= 3
exop_len - discriminator >= 2
exop_len - discriminator >= 1
exop_len - unit->line_offset >= 9
exop_len - unit->line_offset >= 8
exop_len - unit->line_offset >= 7
exop_len - unit->line_offset >= 6
exop_len - unit->line_offset >= 5
exop_len - unit->line_offset >= 4
exop_len - unit->line_offset >= 3
exop_len - unit->line_offset >= 2
exop_len - unit->line_offset >= 1
exop_len - unit->addr_size >= 1
exop_len - end_sequence >= 9
exop_len - end_sequence >= 8
exop_len - end_sequence >= 7
exop_len - end_sequence >= 6
exop_len - end_sequence >= 5
exop_len - end_sequence >= 4
exop_len - end_sequence >= 3
exop_len - end_sequence >= 2
exop_len - end_sequence >= 1
exop_len - extended_op >= 7
exop_len - extended_op >= 6
exop_len - extended_op >= 5
exop_len - extended_op >= 4
exop_len - extended_op >= 3
exop_len - extended_op >= 2
exop_len - extended_op >= 1
exop_len - lh.line_base >= 10
exop_len - lh.line_base >= 9
exop_len - lh.line_base >= 8
exop_len - lh.line_base >= 7
exop_len - lh.line_base >= 6
exop_len - lh.line_base >= 5
exop_len - lh.line_base >= 4
exop_len - lh.line_base >= 3
exop_len - lh.line_base >= 2
exop_len - lh.line_base >= 1
exop_len - lh.default_is_stmt >= 8
exop_len - lh.default_is_stmt >= 7
exop_len - lh.default_is_stmt >= 6
exop_len - lh.default_is_stmt >= 5
exop_len - lh.default_is_stmt >= 4
exop_len - lh.default_is_stmt >= 3
exop_len - lh.default_is_stmt >= 2
exop_len - lh.default_is_stmt >= 1
exop_len - lh.version >= 5
exop_len - lh.version >= 4
exop_len - lh.version >= 3
exop_len - lh.version >= 2
exop_len - lh.version >= 1
exop_len - offset_size >= 5
exop_len - offset_size >= 4
exop_len - offset_size >= 3
exop_len - offset_size >= 2
exop_len - offset_size >= 1
amt - i >= 10
amt - i >= 9
amt - i >= 8
amt - i >= 7
amt - i >= 6
amt - i >= 5
amt - i >= 4
amt - i >= 3
amt - i >= 2
amt - i >= 1
unit->line_offset - lh.line_base >= 5
unit->line_offset - lh.line_base >= 4
unit->line_offset - lh.line_base >= 3
unit->line_offset - lh.line_base >= 2
unit->line_offset - lh.line_base >= 1
unit->addr_size - i >= 8
unit->addr_size - i >= 7
unit->addr_size - i >= 6
unit->addr_size - i >= 5
unit->addr_size - i >= 4
unit->addr_size - i >= 3
unit->addr_size - i >= 2
unit->addr_size - i >= 1
unit->addr_size - lh.line_base >= 10
unit->addr_size - lh.line_base >= 9
unit->addr_size - lh.line_base >= 8
unit->addr_size - lh.line_base >= 7
unit->addr_size - lh.line_base >= 6
unit->addr_size - lh.line_base >= 5
unit->addr_size - lh.line_base >= 4
end_sequence - lh.line_base >= 5
end_sequence - lh.line_base >= 4
end_sequence - lh.line_base >= 3
end_sequence - lh.line_base >= 2
end_sequence - lh.line_base >= 1
extended_op - i >= 2
extended_op - i >= 1
extended_op - op_index >= 2
extended_op - op_index >= 1
extended_op - lh.maximum_ops_per_insn >= 1
extended_op - lh.minimum_instruction_length >= 1
extended_op - is_stmt >= 1
extended_op - discriminator >= 2
extended_op - discriminator >= 1
extended_op - unit->line_offset >= 2
extended_op - unit->line_offset >= 1
extended_op - end_sequence >= 2
extended_op - end_sequence >= 1
extended_op - lh.line_base >= 7
extended_op - lh.line_base >= 6
extended_op - lh.line_base >= 5
extended_op - lh.line_base >= 4
extended_op - lh.line_base >= 3
extended_op - lh.line_base >= 2
extended_op - lh.line_base >= 1
extended_op - lh.default_is_stmt >= 1
adj_opcode - lh.line_base >= 5
adj_opcode - lh.line_base >= 4
adj_opcode - lh.line_base >= 3
adj_opcode - lh.line_base >= 2
adj_opcode - lh.line_base >= 1
lh.default_is_stmt - i >= 1
lh.default_is_stmt - op_index >= 1
lh.default_is_stmt - discriminator >= 1
lh.default_is_stmt - unit->line_offset >= 1
lh.default_is_stmt - end_sequence >= 1
lh.default_is_stmt - lh.line_base >= 6
lh.default_is_stmt - lh.line_base >= 5
lh.default_is_stmt - lh.line_base >= 4
lh.default_is_stmt - lh.line_base >= 3
lh.default_is_stmt - lh.line_base >= 2
lh.default_is_stmt - lh.line_base >= 1
lh.version - i >= 4
lh.version - i >= 3
lh.version - i >= 2
lh.version - i >= 1
lh.version - bytes_read >= 2
lh.version - op_index >= 4
lh.version - op_index >= 3
lh.version - lh.maximum_ops_per_insn >= 3
lh.version - lh.maximum_ops_per_insn >= 2
lh.version - lh.minimum_instruction_length >= 3
lh.version - lh.minimum_instruction_length >= 2
lh.version - is_stmt >= 3
lh.version - discriminator >= 4
lh.version - discriminator >= 3
lh.version - unit->line_offset >= 4
lh.version - unit->line_offset >= 3
lh.version - end_sequence >= 4
lh.version - end_sequence >= 3
lh.version - lh.line_base >= 9
lh.version - lh.line_base >= 8
lh.version - lh.line_base >= 7
lh.version - lh.line_base >= 6
lh.version - lh.line_base >= 5
lh.version - lh.line_base >= 4
lh.version - lh.line_base >= 3
lh.version - lh.line_base >= 2
lh.version - lh.line_base >= 1
lh.version - lh.default_is_stmt >= 3
offset_size - i >= 4
offset_size - i >= 3
offset_size - i >= 2
offset_size - i >= 1
offset_size - lh.line_base >= 9
offset_size - lh.line_base >= 8
offset_size - lh.line_base >= 7
offset_size - lh.line_base >= 6
offset_size - lh.line_base >= 5
offset_size - lh.line_base >= 4
offset_size - lh.line_base >= 3
offset_size - lh.line_base >= 2
offset_size - lh.line_base >= 1
16384 >= address
8192 >= address
256 >= lh.prologue_length
100 >= i
100 >= lh.opcode_base
100 >= amt
64 >= i
64 >= lh.opcode_base
64 >= amt
32 >= i
32 >= lh.opcode_base
32 >= amt
16 >= i
16 >= lh.opcode_base
16 >= amt
10 >= i
9 >= i
8 >= i
7 >= i
6 >= i
5 >= i
4 >= i
4 >= lh.line_base
3 >= i
3 >= lh.line_base
2 >= i
2 >= lh.line_base
1 >= i
1 >= lh.line_base
0 >= i
0 >= lh.line_base
-1 >= lh.line_base
-2 >= lh.line_base
-3 >= lh.line_base
-4 >= lh.line_base
-5 >= lh.line_base
table->num_sequences >= 1
lh.line_range >= 10
lh.line_range >= 9
lh.line_range >= 8
lh.line_range >= 7
lh.line_range >= 6
lh.line_range >= 5
lh.line_range >= 4
lh.line_range >= 3
lh.line_range >= 2
lh.line_range >= 1
high_pc >= 7
high_pc >= 6
high_pc >= 5
high_pc >= 4
high_pc >= 3
high_pc >= 2
high_pc >= 1
low_pc >= 0
exop_len >= 9
exop_len >= 8
exop_len >= 7
exop_len >= 6
exop_len >= 5
exop_len >= 4
exop_len >= 3
exop_len >= 2
exop_len >= 1
extended_op >= 2
extended_op >= 1
lh.default_is_stmt >= 1
lh.version >= 4
lh.version >= 3
table->num_files > i
table->num_dirs > lh.line_base
table->num_sequences > i
table->num_sequences > op_index
table->num_sequences > discriminator
table->num_sequences > unit->line_offset
table->num_sequences > end_sequence
table->num_sequences > lh.line_base
bytes_read > i
bytes_read > lh.line_base
op_code > i
op_index > lh.line_base
lh.maximum_ops_per_insn > i
lh.maximum_ops_per_insn > lh.line_base
lh.minimum_instruction_length > i
lh.minimum_instruction_length > lh.line_base
lh.line_range > table->num_files
lh.line_range > table->num_dirs
lh.line_range > table->num_sequences
lh.line_range > i
lh.line_range > bytes_read
lh.line_range > op_code
lh.line_range > op_index
lh.line_range > lh.maximum_ops_per_insn
lh.line_range > lh.minimum_instruction_length
lh.line_range > lh.opcode_base
lh.line_range > is_stmt
lh.line_range > discriminator
lh.line_range > exop_len
lh.line_range > amt
lh.line_range > unit->line_offset
lh.line_range > unit->addr_size
lh.line_range > end_sequence
lh.line_range > extended_op
lh.line_range > lh.line_base
lh.line_range > lh.default_is_stmt
lh.line_range > lh.version
lh.line_range > offset_size
lh.opcode_base > i
is_stmt > lh.line_base
column > lh.line_base
line > lh.line_base
high_pc > table->num_files
high_pc > table->num_dirs
high_pc > table->num_sequences
high_pc > i
high_pc > bytes_read
high_pc > op_index
high_pc > lh.maximum_ops_per_insn
high_pc > lh.minimum_instruction_length
high_pc > is_stmt
high_pc > discriminator
high_pc > unit->line_offset
high_pc > end_sequence
high_pc > extended_op
high_pc > lh.line_base
high_pc > lh.default_is_stmt
high_pc > lh.version
high_pc > offset_size
low_pc > lh.line_base
discriminator > lh.line_base
exop_len > table->num_dirs
exop_len > table->num_sequences
exop_len > i
exop_len > bytes_read
exop_len > op_code
exop_len > op_index
exop_len > lh.maximum_ops_per_insn
exop_len > lh.minimum_instruction_length
exop_len > is_stmt
exop_len > discriminator
exop_len > unit->line_offset
exop_len > unit->addr_size
exop_len > end_sequence
exop_len > extended_op
exop_len > lh.line_base
exop_len > lh.default_is_stmt
exop_len > lh.version
exop_len > offset_size
amt > i
unit->line_offset > lh.line_base
unit->addr_size > i
end_sequence > lh.line_base
extended_op > i
extended_op > op_index
extended_op > lh.maximum_ops_per_insn
extended_op > lh.minimum_instruction_length
extended_op > is_stmt
extended_op > discriminator
extended_op > unit->line_offset
extended_op > end_sequence
extended_op > lh.line_base
extended_op > lh.default_is_stmt
adj_opcode > lh.line_base
lh.default_is_stmt > i
lh.default_is_stmt > op_index
lh.default_is_stmt > discriminator
lh.default_is_stmt > unit->line_offset
lh.default_is_stmt > end_sequence
lh.default_is_stmt > lh.line_base
lh.version > i
lh.version > lh.line_base
offset_size > i
offset_size > lh.line_base
table->num_sequences != 0
lh.line_range != 0
high_pc != 0
exop_len != 0
extended_op != 0
lh.default_is_stmt != 0
i == 0
lh.line_range == 14
lh.opcode_base == 13
exop_len == 9
amt == 13
extended_op == 2
lh.line_base == -5
lh.default_is_stmt == 1
lh.version == 4

